request_id,requester_received_pizza
t3_i8iy4,0.61870106446743001
t3_1mfqi0,0.16477961263060567
t3_lclka,0.17296326544880863
t3_1jdgdj,0.077568788249045603
t3_t2qt4,0.14635006092488764
t3_pvojb,0.22521917662024496
t3_142n4c,0.035750691164284941
t3_17rja6,0.14510692639648912
t3_1lg6u2,0.18007809128612276
t3_1b0mtx,0.22687643992900844
t3_mmivq,0.22281974135339258
t3_11ux2a,0.014868723669555035
t3_klige,0.15626817208528515
t3_1iv3cj,0.92841762781143178
t3_13dh0w,0.10454996605589985
t3_li326,0.11227063231170174
t3_xww8y,0.10952222209423777
t3_kogen,0.27867193531990048
t3_ik8w1,0.7144367840290069
t3_j3nnl,0.33433694732189173
t3_j6xvd,0.14973841200396415
t3_1lsrj5,0.24004765768349165
t3_idld7,0.68994815611839289
t3_y6amf,0.14748481135815381
t3_hl0ft,0.59350066137313839
t3_jg6yk,0.20970862585306163
t3_1k5ss6,0.12234014743566511
t3_u6i4z,0.33006493800878522
t3_ltuhq,0.11726979587227103
t3_1m2om7,0.19670828220993278
t3_hgdtf,0.54693945348262774
t3_w89lu,0.27908413237333296
t3_ifk6u,0.18431858830153938
t3_18c4e9,0.13140849215537309
t3_133rk6,0.13299148187413809
t3_icpa2,0.14186704328656194
t3_tllxh,0.30588863226771351
t3_ibvic,0.10970188840478658
t3_153cst,0.20523661114275452
t3_115vox,0.17744154265522954
t3_n318c,0.16280938997864722
t3_ojy6r,0.16270901998132464
t3_wziql,0.14962670754455026
t3_jiwx8,0.0083597928918898098
t3_ibsyq,0.14475835886597632
t3_v07fz,0.90128866028785692
t3_us9ho,0.13407204097509381
t3_1l120o,0.072296162303537123
t3_1avwr4,0.11766005473956463
t3_11pdxt,0.14476796387881039
t3_1eg6hz,0.92185587096214283
t3_nfom9,0.20331482973694798
t3_qaf9d,0.13880446748062966
t3_15dl3p,0.14840503349900244
t3_1ietp9,0.87173795604705795
t3_if8os,0.20369148115068672
t3_irugk,0.43671421730518334
t3_i5liz,0.57384582602977741
t3_1indge,0.88704136061668382
t3_1j6smi,0.23645127046108241
t3_1lxyig,0.051309146570041771
t3_hecc7,0.70695911097526531
t3_14tiyz,0.068984597340226161
t3_k1z07,0.17503989686071869
t3_10wwjr,0.0020125741139054298
t3_lvs72,0.19274591064453123
t3_18u12f,0.10450825065374374
t3_yftil,0.13675375732034442
t3_i20wz,0.26669588810205458
t3_zs6gr,0.023228116383776063
t3_17rugq,0.082795121658593401
t3_10cmhw,0.071269441912882023
t3_1jgj8g,0.1771307882517576
t3_16q2jp,0.10657421103864907
t3_1hbpnz,0.25775387436151498
t3_1737ki,0.092927510119974591
t3_pfl37,0.20519629605114456
t3_qg1wv,0.57914597606658935
t3_wcupv,0.015414612866938111
t3_14gsx5,0.16824232985079285
t3_xzsu3,0.9003697950839995
t3_1lnsb4,0.28349748390726742
t3_iympu,0.2245119050443172
t3_k9o6g,0.42658196270465848
t3_1ktbje,0.1560095559135079
t3_zuow2,0.082270051769912228
t3_16tazw,0.067916466772556291
t3_pvl3a,0.19183632542192933
t3_11a45a,0.90012192916870104
t3_187gk8,0.093059337217360719
t3_jrtbz,0.23222892598807807
t3_lagsc,0.3129575786590576
t3_rt9rt,0.12096042982861398
t3_15qz4q,0.24895742818713182
t3_hz1m5,0.50256095993518823
t3_119agf,0.10404769702255724
t3_k70hk,0.5471199342012405
t3_i2xbl,0.25624346370995044
t3_10gk0h,0.90759393835067737
t3_1mwaf9,0.14184789928607641
t3_uwwyl,0.28273293299973007
t3_10ca6l,0.053861883353441949
t3_1h4mik,0.21927816647291179
t3_i0qp5,0.70698584794998154
t3_krx89,0.91494155263900745
t3_ibtwa,0.65126299822330469
t3_11tb71,0.071614211709238582
t3_sfrhj,0.15773848642408844
t3_jncp2,0.37077266317605967
t3_t7qee,0.21390774399042126
t3_zxawy,0.53016280233860003
t3_id14p,0.28731980672478674
t3_1by9im,0.16453140327334403
t3_hwxwd,0.17688144096732139
t3_jmo2j,0.072758938353508704
t3_wc93i,0.08151205971837043
t3_qzu7s,0.065683978993445621
t3_xn9n8,0.14303973886184393
t3_10vrop,0.1009181761201471
t3_1crhe7,0.11605277777463195
t3_sz4rm,0.0187102989628911
t3_micek,0.24225395276397463
t3_nbkbt,0.085930969983339295
t3_13jofn,0.075245187319815152
t3_1fwjjw,0.23023608237504953
t3_q2spw,0.016905139233916996
t3_v8f7b,0.29090209358930585
t3_1cnqfg,0.21973405689001077
t3_xn0no,0.30981744277477263
t3_ki6jk,0.037477773930877444
t3_mbcj7,0.30137937769293782
t3_j65lu,0.28317287832498544
t3_jm9ld,0.2457393126636743
t3_tfo4q,0.94284779453277578
t3_1160fi,0.085953900558873989
t3_yg7bf,0.27903038245439526
t3_naauc,0.20667937631160019
t3_14tdkv,0.22213717776536937
t3_ozrs5,0.18425747606158252
t3_mywtr,0.042491926330141712
t3_14bzcp,0.94984526133537284
t3_1hwd6l,0.21335844534635537
t3_10wbvp,0.087775679007172577
t3_1bn2ov,0.081049136303365216
t3_14talm,0.072497902356088148
t3_13seyz,0.087092175116762496
t3_jnywu,0.10131522617489098
t3_tdww7,0.19481374707818028
t3_vn1l9,0.07326030841097235
t3_zhzk6,0.099063466886989762
t3_1fyoex,0.052320562869310368
t3_11t3kg,0.87191617393493637
t3_tubzr,0.099013978384435167
t3_1gstqn,0.93455747318267812
t3_1euaic,0.094780073702335335
t3_ynaia,0.21622497871518129
t3_1mwhh9,0.049724236015230412
t3_m1y90,0.10881369630992412
t3_1je8f1,0.61501513314247114
t3_rx4zo,0.13537405157089233
t3_1f8kvl,0.089627215374261118
t3_1is6ya,0.13098517087101935
t3_iai8b,0.28153142917156215
t3_1fnw48,0.14259473146498203
t3_vmwzf,0.097499678362160905
t3_jg8jk,0.077285106927156441
t3_12hejm,0.21551614956930273
t3_1krjs4,0.17929088622331615
t3_k4utv,0.18977387479320165
t3_xbitu,0.081865136928856358
t3_13y8zq,0.12409075655788181
t3_q60gf,0.19617882153391836
t3_jb9gi,0.34084293055534359
t3_t22lo,0.39289871168136592
t3_vptrf,0.25262849272787569
t3_1cexg7,0.14089955487847328
t3_yuxak,0.082244737956672892
t3_kdstl,0.030483664080500596
t3_1gy3zk,0.072014491008594625
t3_1cn4fz,0.10426478390768169
t3_1o5psw,0.41278750744462006
t3_1fi04r,0.13886574266850946
t3_ovnya,0.136055836006999
t3_puk2v,0.036645232201553878
t3_1mwqc3,0.049989802414551372
t3_hueth,0.71379442763328549
t3_1muyje,0.20719686734676354
t3_l5kka,0.10190915873646735
t3_1cmihx,0.11483207721076903
t3_10j1np,0.057752938609570252
t3_sydf2,0.12078054089844224
t3_1fcf2h,0.062993101909756655
t3_m2id2,0.048693457718938578
t3_m0vt8,0.27559021311998366
t3_14t7j9,0.12873867252469062
t3_1b0jci,0.14511203054338692
t3_zsa2t,0.19277589435875411
t3_xd60b,0.27634989666938781
t3_htzo7,0.26245579320192336
t3_1hl0jw,0.089597113847732529
t3_19lq75,0.15629635019786653
t3_1bp2u8,0.12428062994778154
t3_jdxtx,0.30248887717723844
t3_j68ur,0.26538579219579694
t3_10fo7v,0.086392591675743438
t3_18cqfw,0.31508200725913044
t3_1bp1we,0.081049136303365216
t3_hzzgp,0.54850686335563648
t3_jrzko,0.15697285588085649
t3_ieglz,0.26899339097738262
t3_113kuj,0.91973799872398365
t3_ledoj,0.049862864062190045
t3_iy36f,0.10961941628158091
t3_113qym,0.086874956931918837
t3_zha1q,0.05017201753892004
t3_16xsqk,0.11346131002902983
t3_tq5qq,0.09166289628297089
t3_y2qle,0.037025250578299161
t3_jafft,0.19440568393468854
t3_s6iox,0.15216734551638361
t3_vhs8y,0.83450206661224358
t3_kyw1u,0.08475841665966434
t3_12839n,0.080527600035071367
t3_jsaom,0.045533419454470266
t3_qmp3p,0.12519026853889226
t3_ny3zk,0.28678193068504332
t3_lkmwg,0.85908087849616999
t3_uhmf8,0.95021901226043692
t3_hyr3z,0.46807396864891043
t3_pvs82,0.2551830053925514
t3_htfi5,0.57396762812137592
t3_ltyr4,0.28785159492492673
t3_x285o,0.13440962398797271
t3_j2fxf,0.86606332492828364
t3_lt6l5,0.072118737204000347
t3_mlwsc,0.12036691471561788
t3_kwlpi,0.30512092745304104
t3_susbr,0.12037122484296557
t3_13ww4i,0.15315424942225214
t3_rs4rl,0.14794562138617037
t3_12l3sq,0.12548919887095689
t3_1e7zhc,0.10906629635393618
t3_14ssun,0.064597372698597597
t3_pbh5x,0.11885076946020125
t3_1iemsj,0.13835649573430417
t3_qdn9m,0.8729432811737059
t3_ienvf,0.46827872121334069
t3_1ckh9t,0.14461220082640647
t3_hwzc2,0.49498784852027888
t3_p3lkq,0.4201814996004104
t3_icr1j,0.080822230035439119
t3_1ipgcx,0.39380421471595761
t3_iqw0f,0.52152334678173062
t3_1fbfeg,0.31150453662872313
t3_j7us6,0.1685324075296521
t3_iwany,0.1306002969443798
t3_mdhq5,0.1421322362590581
t3_wag1s,0.015569680520333347
t3_1kvwpq,0.086288382733240701
t3_plp25,0.060779151175171124
t3_k3qyc,0.92787808656692494
t3_12txtd,0.014494495441671458
t3_irj2c,0.64300435459613792
t3_qnrv7,0.23533833803981538
t3_m7bdd,0.30006841938197609
t3_10qngl,0.039284884780645367
t3_10d4a8,0.10379089205712079
t3_w160y,0.1818894835412502
t3_lp1ux,0.1306343880072236
t3_1i6bna,0.31125399452447888
t3_1g74wk,0.15288530847430226
t3_18pv4q,0.065449590014293776
t3_1epv0f,0.14044156554341314
t3_1mvb6s,0.17231541306897993
t3_17z37c,0.080845504485070691
t3_m6np7,0.17619645936787126
t3_11tiox,0.1135941886231303
t3_jf55a,0.036074683968909081
t3_l3g0s,0.093026893414556958
t3_19p6mc,0.064116941899061197
t3_xeedv,0.085318833790719487
t3_slq9i,0.17016158264875408
t3_jirtz,0.23641467893123622
t3_tblcz,0.17827213424444197
t3_qqud3,0.2259618649631738
t3_r06po,0.070017836440354572
t3_1l2a9r,0.20640915727429085
t3_iefba,0.31784726488590237
t3_kbc4h,0.2717676937580108
t3_mc7hx,0.18030788116157051
t3_1cyxp5,0.66613618636131267
t3_1lmc4f,0.20321111728996036
t3_wo6p3,0.20061789306998248
t3_ojtem,0.18056134003400801
t3_k3yrb,0.12813421530276536
t3_i8xhn,0.4639716384410858
t3_w6xdm,0.15269163377583025
t3_1mxpun,0.10563437258359042
t3_1lx6vd,0.66508400475978835
t3_j8hka,0.085284447032958247
t3_xawwv,0.03030132672004401
t3_1l19vv,0.18643017690628763
t3_j4vbo,0.33116931164264674
t3_1ikc0d,0.10071347279846667
t3_m6rdr,0.16016546953096983
t3_19xxso,0.249199528068304
t3_jt1ti,0.12768893218506125
t3_1abab2,0.1060879908055067
t3_17rl0y,0.91497648096084583
t3_jdfhh,0.19890921559929844
t3_1atk3v,0.092835879370570168
t3_tglzi,0.036531527593731877
t3_1iv6uf,0.025503140226006502
t3_p85iu,0.28706148993968961
t3_x9v8i,0.050688778832554814
t3_mwclc,0.25423192214965817
t3_1432t6,0.33363212096691131
t3_1732xx,0.07885176587104796
t3_uaqw7,0.071022641047835344
t3_jwam4,0.1074737571366131
t3_143pb1,0.12369389650970695
t3_ixmw3,0.28838159197568891
t3_roye7,0.093811792772263272
t3_1l1b96,0.1253732648268342
t3_1lfxmx,0.039042400978505608
t3_sm0fi,0.030567598829045885
t3_x6xfz,0.92871422052383412
t3_1akj1c,0.072087579341605298
t3_jzcyp,0.014795144338160753
t3_o1gb7,0.057000469084829079
t3_1dapt6,0.15223028196766969
t3_1a1wmz,0.11182023633271453
t3_17apty,0.082356580484658465
t3_13fi4r,0.12930272223800418
t3_1ly2ne,0.071943242952227579
t3_1mvmz3,0.028558257452212268
t3_10uh4n,0.18291245183348653
t3_1m4s8q,0.14476754177361725
t3_wd1bd,0.051141784178093071
t3_ifih0,0.49401059484481807
t3_1hbxzi,0.052595809452235694
t3_qs09d,0.22670202218741173
t3_mjf5t,0.042593975535593916
t3_12p4qj,0.46722529923915856
t3_soea1,0.19904564434289929
t3_jly5g,0.11609582769498226
t3_1lcmkx,0.065490801271051155
t3_1jo0bx,0.16213974756002425
t3_1ltp6r,0.14248738657683133
t3_181l4t,0.92225671219825733
t3_ipzg4,0.51380637526512141
t3_js0ju,0.53812167215347284
t3_1gveed,0.14882118210196493
t3_tozvc,0.08638614249974487
t3_1kilzb,0.043613969565369178
t3_185vvk,0.12578928196430206
t3_m47yc,0.17894675250351424
t3_1mg7m1,0.11357880339026448
t3_1mdya5,0.10896683206781742
t3_19ctqj,0.090439128175377831
t3_1mim72,0.096417257547378524
t3_iymko,0.40834562504291527
t3_opkmm,0.28393888455629346
t3_y466n,0.15915588022023436
t3_jx9tr,0.058884499961510288
t3_10zoec,0.059337702481076109
t3_u08u0,0.035182451181113711
t3_19ob9z,0.14104020278155802
t3_jzkd1,0.040387473385781046
t3_q73oq,0.2518258042931556
t3_y5vj7,0.91492086982727039
t3_y8w7b,0.42728808617591851
t3_kxjsp,0.022827881205826992
t3_1ivwvt,0.04520656457915901
t3_x768a,0.024018455114215607
t3_1iv28l,0.21664583919569844
t3_1l27b3,0.19706483834236857
t3_q1xxo,0.022188476104289288
t3_jb6na,0.28605962468683716
t3_163bzy,0.17931659746170039
t3_qsejn,0.094761887982487664
t3_1nbrku,0.35097419637441629
t3_1ej7wt,0.89980253767967211
t3_zh75s,0.059201360099017615
t3_lstm9,0.12535921349748969
t3_1j5z7e,0.15409285673499107
t3_1574sv,0.17977322957664724
t3_wkdxa,0.20980472934618585
t3_pl5aj,0.067204656928777681
t3_qap6u,0.92209127950668324
t3_1gvnj8,0.11830331831052897
t3_js9gy,0.17589223446696994
t3_is8cd,0.28862728977203367
t3_lbl8w,0.050779487572610367
t3_uozbx,0.90674406552314746
t3_1lxntp,0.044126854378730047
t3_11n72r,0.11441459763050078
t3_1iez8q,0.055256778225302693
t3_ozu7k,0.30499734181165694
t3_owy0m,0.069693852599710213
t3_1md6b9,0.21666532991453999
t3_1ex028,0.11318818948976693
t3_1dg2bk,0.078443149754777536
t3_hzt8o,0.11191813459992407
t3_131n6r,0.028912986288312816
t3_1jxgvf,0.10096420904994009
t3_jmdya,0.036983937092125413
t3_mg1zt,0.49518760704994197
t3_j0cz0,0.29268178927898403
t3_k1gsx,0.30521419870853417
t3_1dmups,0.11275370839983222
t3_x959y,0.17447648768126961
t3_nnbds,0.3132055473029613
t3_13trxv,0.07235583935864269
t3_1awfml,0.16595614713430401
t3_lyy5x,0.22818788295984266
t3_1iwegx,0.13485635697562245
t3_193frj,0.09763852262496947
t3_1iudup,0.16076455441862342
t3_1fwbdg,0.045957068763673302
t3_16xtvk,0.089027964927256092
t3_1ipepz,0.028797045882791274
t3_mhcm8,0.15556524311751124
t3_1gq3gs,0.31943245214223859
t3_vghwo,0.042378715556114908
t3_keseq,0.33005100613832472
t3_16z08l,0.28945126795768733
t3_mas62,0.27364152967929833
t3_1isgm3,0.057919584232382464
t3_puwjr,0.86486345362663264
t3_liudo,0.86426174473762507
t3_jxh9m,0.2857130966186523
t3_11yzo2,0.09467012084461747
t3_1btj3q,0.073128687351942057
t3_lfma1,0.31523891133069987
t3_pbyjt,0.087543002746999249
t3_1jo4f6,0.074929909698665129
t3_yejtx,0.10769115483388302
t3_193zoz,0.070936174707021557
t3_16w2nh,0.059229299094527947
t3_jhmef,0.18104450187087057
t3_tlbjk,0.11456057313084601
t3_s80om,0.35305956131219862
t3_kwrjo,0.16484266903996464
t3_1cw1ms,0.21419750824570652
t3_uj99i,0.14731733456254004
t3_1apdwu,0.074540446430444704
t3_iborf,0.13253393774479627
t3_12kfy9,0.01580502445437014
t3_126tep,0.17757525235414504
t3_ji3ca,0.25682695893943308
t3_lqnpz,0.19063286759704348
t3_ibvn8,0.83718072915077202
t3_i50i4,0.28796956282854075
t3_lushm,0.14697634276002644
t3_iffit,0.12910614819824695
t3_12nmdv,0.08717320763133464
t3_1lrh6u,0.14979982574284073
t3_qvbzt,0.21253736987709995
t3_1iez5w,0.14005719453096388
t3_ql5gi,0.064070783357135938
t3_1msxkn,0.10857061266899108
t3_jf2fg,0.50536770439147949
t3_1g4lyw,0.13397532126307485
t3_1k910y,0.23594597494602201
t3_x3cmt,0.1885235686153173
t3_x9etl,0.9290204095840453
t3_klaa6,0.060133890848606812
t3_yht6g,0.021695443479344243
t3_y2ljd,0.20485336215794084
t3_ialy9,0.7257953445911407
t3_naq48,0.1280210847556591
t3_107ru4,0.066667273325845586
t3_1ihfkx,0.055611587695777405
t3_1ll049,0.07414943462237715
t3_12nmjl,0.014238104577874762
t3_1mit7t,0.092759769611060597
t3_1n84jc,0.050350752310827369
t3_1boflh,0.052822012571617956
t3_121toe,0.028565250345971429
t3_umaqa,0.11208705158531664
t3_i4ck0,0.29608300897479056
t3_193zo3,0.15610217730700968
t3_1jggdv,0.081716517619788639
t3_lencv,0.17247575390338896
t3_1ahfft,0.90134868216514574
t3_vpa6p,0.2437776495814323
t3_k1yom,0.53018774616718289
t3_k4nfr,0.11562628209404645
t3_iptt8,0.64948663997650136
t3_1n5n9z,0.036632858533412214
t3_sss6w,0.20967672762274739
t3_jb038,0.36727633422613137
t3_v8beo,0.24099974831938739
t3_i9qjc,0.088830030940473065
t3_uoywy,0.34941534823179243
t3_15gf4h,0.139527967184782
t3_z7i98,0.86525237393379206
t3_kibv8,0.011283958114683627
t3_lope8,0.14188987803459166
t3_116umn,0.073946380406618106
t3_k31fw,0.11731931988149878
t3_yl88m,0.2382438049316406
t3_iypmh,0.16758935280144213
t3_ihdnr,0.3785527105927467
t3_15jy6m,0.12537076748535037
t3_1l0j5d,0.17691537606716154
t3_1diu6d,0.22787794238328932
t3_1fzhzr,0.073888593055307858
t3_iclgj,0.61959151172637927
t3_1jzcon,0.12208359903283415
t3_l2tb0,0.094573329403996445
t3_16xpx8,0.063381279021501535
t3_1h6hhv,0.21069709682464599
t3_10u7w0,0.10908863949775695
t3_vnbuw,0.08118256781995295
t3_j0p9a,0.051019462408497925
t3_z59mf,0.11778436208888886
t3_1lozqp,0.16891019201278684
t3_mwzrw,0.22793756944686169
t3_iri2m,0.55648312067985528
t3_qc8g7,0.46894278085231772
t3_mkd95,0.29038681873679156
t3_yl0d6,0.60460524928569792
t3_1gtjtl,0.92856282472610463
t3_1l8cy1,0.15148159658908841
t3_k0rt7,0.079161178970709428
t3_17bfiq,0.13612285241670904
t3_10ha4t,0.18265131500363346
t3_ylne2,0.092364472554996593
t3_q3bzv,0.28182427883148187
t3_100ws2,0.21655710870027539
t3_wkix8,0.92164382743835438
t3_1cqwsx,0.023154383109882468
t3_144op5,0.39371353900432582
t3_pmvgu,0.35083334344625472
t3_16bg93,0.38524237084388729
t3_10a2dc,0.056439472991274657
t3_pt1qv,0.88712334680557237
t3_1na4hu,0.90452879929542529
t3_1lt6br,0.10821968545019625
t3_152ods,0.052367450321093197
t3_1j96zh,0.75169919681549069
t3_ialea,0.41145823776721951
t3_1kiib3,0.12612242880463598
t3_zj8ln,0.116265438914299
t3_1ku1id,0.30492340296506876
t3_yq9dd,0.0864900948628783
t3_j1ppy,0.30735360196232792
t3_12rcts,0.046145604774355885
t3_1005cj,0.12110602323710916
t3_v10wr,0.092097155152820034
t3_10tzmd,0.036744924695231017
t3_1j4sg0,0.028306879723211744
t3_13y2ou,0.053123743623495097
t3_16c7pm,0.22802942156791681
t3_jpyr1,0.30421814161539074
t3_ynmkd,0.20683980543911454
t3_14wvfb,0.029328548183664673
t3_qj5j2,0.15928022109717127
t3_ys4zk,0.18098184993863103
t3_1imxgn,0.15213829011470076
t3_ukrwy,0.24215510112047192
t3_1b4spk,0.039242923110723492
t3_wpp9o,0.058351822797209012
t3_s4jhg,0.055835399661213155
t3_i2vq7,0.51662643921375273
t3_1miz3n,0.051275601727887983
t3_1209kl,0.093804896079003788
t3_wh0l4,0.099775613520294418
t3_lu96s,0.10038115011155603
t3_kcfr0,0.15448071676492689
t3_1myvpl,0.11974200221570207
t3_1l0lpu,0.11305166922509667
t3_z1lre,0.35314709287881846
t3_1mu7o8,0.12399843268841503
t3_zukcs,0.16938491135835648
t3_i6vkd,0.71263943648338302
t3_kcldp,0.47760090613365164
t3_19dhd6,0.18370581530034538
t3_1i7c6y,0.066543114505708212
t3_seonb,0.12331996444240211
t3_rv4en,0.031180455649271601
t3_qrwex,0.92247268962860096
t3_1mo5ws,0.15505594678968188
t3_ndq9f,0.13842713300883769
t3_o0l9h,0.14690016476437448
t3_tds8d,0.4268288593292236
t3_1jde5v,0.058044586930423962
t3_12hb73,0.05861370393633842
t3_juemz,0.057654594554565834
t3_kh34f,0.14241384422406553
t3_khwp6,0.57716042041778559
t3_iqumh,0.55105309927463519
t3_pszmn,0.15735835751891133
t3_1mx366,0.088539768677204825
t3_jcm20,0.22892435637116429
t3_1bbzet,0.050358291134238238
t3_iowa1,0.27233369357883924
t3_1h1syy,0.06418252134416251
t3_myx8u,0.44809777671098699
t3_1g7ny0,0.063585866684559719
t3_17tkid,0.089584597587585427
t3_11hcyw,0.070777142646256827
t3_n6qkh,0.13912188173830509
t3_tmn3s,0.026616936117410658
t3_11v7q2,0.09294197217933832
t3_1cd6yv,0.064511585549451397
t3_io0oy,0.38824173817038526
t3_1hip5p,0.92891574382781972
t3_1gkd2i,0.058724475443363185
t3_hvgv7,0.37060033495724193
t3_m5a39,0.021548798881936813
t3_17sl35,0.91537827587127674
t3_utp3h,0.2291335014700889
t3_10tv7s,0.028988914631307119
t3_1a40n4,0.056865691807121026
t3_kj8a0,0.26126533313095568
t3_1mgrri,0.11552880870923397
t3_1nd11h,0.88031625723838791
t3_1ldhfb,0.064589693478308605
t3_10mo95,0.90599024558067309
t3_sx32l,0.22925536037236446
t3_pw2mi,0.18299836376309392
t3_o7co1,0.12529422276467084
t3_16stuw,0.051944280859082932
t3_1ctx4r,0.011980117298662663
t3_1adx9s,0.12373440857604144
t3_il9ks,0.53243254292011255
t3_rp169,0.15645843799412248
t3_zatki,0.071507761422544711
t3_iknip,0.28475578325986861
t3_uhoi3,0.023421857073903082
t3_uz6m5,0.18733188413828608
t3_127wms,0.18676306419074531
t3_16bong,0.03986708432435989
t3_uz1hn,0.23200447854399678
t3_keq0w,0.25624373866617678
t3_y3hef,0.10012886951118706
t3_iaoch,0.22855401511862869
t3_rf6ne,0.23314961844682688
t3_1cjpyc,0.40672919952869413
t3_t1rba,0.94828296399116507
t3_j5td8,0.3086387594938278
t3_mpkb2,0.078934365718625471
t3_x8k7r,0.11623863917589186
t3_ikw4b,0.22354806476086372
t3_1784zg,0.22680350160598753
t3_it7o4,0.15142864953726529
t3_zv8j4,0.93527809333801259
t3_12t1lk,0.057331227482296514
t3_vjk10,0.10500922912359235
t3_khwh9,0.26955706164240834
t3_1b7u1o,0.14436567071080206
t3_1l2duz,0.10223238727450369
t3_wkwew,0.33869826373457901
t3_l1klc,0.44487837970256799
t3_1epqt0,0.18418001054599878
t3_1mvp23,0.12125302833132444
t3_tnfo9,0.1012372495625168
t3_ka7al,0.1122906131222844
t3_wwl2i,0.27081380909681319
t3_inkwj,0.21037996632233255
t3_ilt19,0.61475687754154196
t3_pgs0h,0.10833354971371588
t3_iwfey,0.20490447282511734
t3_jqgd5,0.26306475451588629
t3_qc5o5,0.27609823825955387
t3_soims,0.015813121954910456
t3_17s4gm,0.050445275032892818
t3_1hq0de,0.038934738442301747
t3_jigc8,0.042774623418692488
t3_1l2vma,0.029564189908094698
t3_14t437,0.14465404077619312
t3_19jx8n,0.27493305170536037
t3_n420r,0.072504981355741613
t3_1czpg7,0.14558642856776713
t3_ishzm,0.55958012270927426
t3_nx2c3,0.26668992793560026
t3_1jx4g7,0.073556273179128759
t3_12zak9,0.1944319814741611
t3_p7o7p,0.26697651579976078
t3_u7588,0.26660189116001126
t3_icoi3,0.32406286245584481
t3_10p6bh,0.014790420861449089
t3_j0ert,0.27660712724924086
t3_i5pv9,0.11481726336106655
t3_ncw61,0.40446122902631754
t3_1a6oez,0.051835119575262066
t3_15zae8,0.17635483915358779
t3_118p7t,0.49212578535079948
t3_p1s5g,0.19837333130836485
t3_slvkc,0.9211848120689391
t3_1n0mel,0.14205994583666323
t3_z9a9f,0.021804451003205026
t3_vzxe5,0.8723447909355162
t3_103oiv,0.028450333056505763
t3_14wzoi,0.056920623715501266
t3_1ib7b2,0.21931568372249596
t3_llyi4,0.012992193240672349
t3_1kxzgl,0.19960394829511641
t3_ihdep,0.41735389894247049
t3_iui32,0.20383106169104573
t3_pwu9g,0.17776653884351251
t3_1jd4uk,0.085893397769890703
t3_iq6md,0.26877033391594884
t3_x7u2w,0.48473152470588676
t3_1j6vvd,0.049935999892652023
t3_103ub7,0.11446501083672043
t3_14a8dq,0.066921783529221998
t3_m99m6,0.29331151148676871
t3_x7oqf,0.19692818689346311
t3_1ce5o7,0.92585149884223927
t3_1cvjjv,0.078819365158677088
t3_1nbngz,0.073845417639240615
t3_1a8xdn,0.13719753438979385
t3_16yaml,0.11533964824676511
t3_1i8aq1,0.040247908644378182
t3_15nht5,0.94887617921829215
t3_1glm8v,0.26922296500205989
t3_l8c3e,0.1502845774963498
t3_qgp7g,0.12456514806300399
t3_1bbkjj,0.20342132238298652
t3_l7tdm,0.56739753723144526
t3_oqfw3,0.12353005265444515
t3_vn01f,0.23554926164820786
t3_j7spk,0.27511193761788305
t3_k6wpu,0.35259128028154368
t3_wywms,0.12778996488451955
t3_1mzwgv,0.6427481440305709
t3_1g30en,0.11095510393381118
t3_1lqpgs,0.1143622729182243
t3_xlntv,0.094980584874749169
t3_1jaeay,0.21988991788029669
t3_xwkff,0.049588311988394702
t3_qble3,0.22476309263706207
t3_vgtvb,0.024071392886340612
t3_huun2,0.13220548147708175
t3_11iwbh,0.16963223637640473
t3_saszu,0.21867552769184109
t3_17ziw6,0.89962676358222948
t3_nfyao,0.45523360753059378
t3_zuqs9,0.0065996665507555008
t3_1aoyt9,0.071600488205440335
t3_i5viy,0.2340646903738379
t3_1alsyg,0.044019900595769275
t3_1i1vg0,0.11379638548940417
t3_ot0gt,0.30858637695759528
t3_o32bg,0.31254261183738707
t3_1ihs5o,0.1399361333400011
t3_n6ike,0.050203198335133488
t3_19w1fa,0.098840880093164732
t3_1iz7w9,0.097383972674608216
t3_15irym,0.35919179219007491
t3_recpu,0.88039600825309738
t3_1bnjaf,0.18762650266289707
t3_mn557,0.33402429503202435
t3_1iuxw6,0.10020845475047825
t3_1eipbs,0.23993621602375056
t3_16gm64,0.91360813713073719
t3_z10a2,0.023324122935533518
t3_jq2qd,0.14530306737124918
t3_yl0mo,0.24502412261813875
t3_iburr,0.27988991037011141
t3_ijk8n,0.58266738438606258
t3_jya89,0.40353987419605253
t3_mslxz,0.8936475825309752
t3_1nuvzh,0.33834226925671096
t3_kkd4w,0.27599668857455251
t3_qbp6w,0.047087867379188526
t3_1g2qc7,0.14023038843274116
t3_10fjy1,0.014813091290183362
t3_qzqrr,0.11635425061732528
t3_sizfg,0.22111839081346982
t3_k6dvb,0.31736162889003749
t3_jx8c9,0.21104868684709069
t3_1l7szl,0.17978223174065347
t3_kal40,0.21335329255461691
t3_y80tw,0.03094128782115876
t3_q087s,0.91562897300720203
t3_wcv08,0.035682104378938671
t3_11ybtb,0.045022910794243205
t3_jb0sr,0.02636600081250071
t3_iqyh1,0.25284969165176152
t3_vbvas,0.24020963960885997
t3_i77kq,0.83145155978202812
t3_kn4tz,0.90033236336708056
t3_iql59,0.48197356033325189
t3_1jtmxq,0.067751228228211391
t3_1g4n79,0.15592798474431036
t3_18a5ku,0.035548368843737986
t3_1eojga,0.078363023400306694
t3_qyoqv,0.45081116354465478
t3_j0c1a,0.53316605615615842
t3_14yxcw,0.1614603618122637
t3_16n6pk,0.3914803233146667
t3_vmld7,0.023045694040134544
t3_19wz0p,0.058701372141018497
t3_wh5io,0.92113098907470692
t3_wllf8,0.095495053552091105
t3_1j8sle,0.55252332806587212
t3_ygzwt,0.91474235391616809
t3_sf1tx,0.87320148849487289
t3_my2jp,0.094190335119143112
t3_1csu44,0.20108292413502929
t3_1gzwv3,0.68282497036457057
t3_14i071,0.20384615886211391
t3_mlvt9,0.19120134353637694
t3_16bki5,0.94340101504325857
t3_1irwdx,0.17375238000601526
t3_o9r7b,0.072923759631812565
t3_14ul32,0.2439423038363456
t3_1i0eh2,0.79599200797080982
t3_mqngj,0.31266165649890898
t3_1crdrj,0.23420066767744716
t3_x5h3j,0.19012366139143702
t3_1kud1g,0.046519898910075415
t3_iokob,0.19757799686491487
t3_lqc45,0.091451992198824869
t3_1nbk5w,0.14358386244624852
t3_1dqyg1,0.055160103250294919
t3_1lxc6a,0.33225910490751265
t3_16up9c,0.11146358076483008
t3_ki92d,0.036519530662335452
t3_xun5w,0.18431015038490295
t3_jp37k,0.12405961850285528
t3_iw40l,0.25040393820405005
t3_1bnc88,0.037048467751592394
t3_nf344,0.90756094717979419
t3_if7k2,0.27436002425849432
t3_jkyp6,0.020160764954984187
t3_1cpe20,0.196464958820492
t3_tq16k,0.013297163665294646
t3_1dd5tg,0.11546637144684789
t3_16smd3,0.198889347910881
t3_uumxf,0.29271181052923201
t3_1ihpy4,0.13942760398983953
t3_ip2hr,0.69429478156566615
t3_pvcnn,0.14453516411781309
t3_16kriw,0.13775808326154945
t3_lwy5f,0.30460866951942439
t3_wy5o2,0.1734598918482661
t3_15995m,0.14534998274594543
t3_1g80pd,0.037219701185822483
t3_vt5ky,0.92784837365150441
t3_kpi24,0.3565546897053718
t3_15uhsz,0.015286251121200618
t3_wy5zu,0.91974237966537464
t3_x3kb1,0.16369781067967412
t3_j6rym,0.86535575819015498
t3_oseds,0.32873396629095075
t3_11u31u,0.86632951927185053
t3_r167g,0.022372494269162411
t3_1dauom,0.077799197994638219
t3_11h6ki,0.07213683117181062
t3_y9wpd,0.024161641269922256
t3_spamz,0.036187132887542245
t3_1ikz3c,0.092390531376004212
t3_y60rj,0.081045562818646416
t3_vctql,0.050847692648880179
t3_k50j9,0.14003624635934828
t3_iavvx,0.4894190759658813
t3_u97ej,0.198730831220746
t3_zeqka,0.065121584024280296
t3_ivcii,0.44315804636478417
t3_10u1pr,0.84173854804038994
t3_ibqzx,0.78077523875236499
t3_k1f2x,0.049838662713766087
t3_1e9rou,0.02719925139471888
t3_ibp27,0.25741707959771154
t3_yfron,0.90100103807449328
t3_ity9v,0.13448313070088624
t3_16tpsb,0.2172847778201103
t3_1iwtmh,0.045850144566968072
t3_o8a74,0.19894511637091633
t3_lqmfy,0.092323522500693783
t3_yabhi,0.066623256692662822
t3_1gzjki,0.12671193149685858
t3_qlw5i,0.11630247044563292
t3_1iwu3k,0.10771098082885143
t3_wzgke,0.11870011943578719
t3_x60uq,0.10340756946429609
t3_1n8ya7,0.11628024260327217
t3_1mxh2m,0.12713712181337175
t3_nuc18,0.25432869401574132
t3_n02dy,0.53003788375854488
t3_19jb1z,0.061465965934097762
t3_1krrqc,0.21049817906320092
t3_xuxaw,0.01691374698281288
t3_xoqxy,0.18568800860643386
t3_1iu6wt,0.14983496311306951
t3_1hbjrr,0.094716929316520676
t3_14xerk,0.16055812816694376
t3_o4np7,0.16712284708768127
t3_j6rve,0.41139615708589544
t3_zjzx0,0.9293476390838622
t3_wdhwu,0.04474856388568877
t3_1ii2m8,0.20382818296505131
t3_12jnd7,0.036248054904863235
t3_noqvy,0.036492738939821717
t3_1nbmq4,0.19186635541915889
t3_13bycv,0.29579201465845106
t3_1d3knr,0.14414516171440481
t3_wogdg,0.90706146025657641
t3_11q44h,0.063376137148123221
t3_12nzg3,0.91372832989692676
t3_17tw9t,0.2025956906676292
t3_if2lx,0.24164351889491079
t3_1jun2m,0.15558804999291895
t3_19cylf,0.19501920600235459
t3_jt3rn,0.18377297899127004
t3_1ibd5b,0.91462907528877246
t3_l7cxz,0.0095360530707985156
t3_1ci2kn,0.034043216679245231
t3_lcdp2,0.19047728271037337
t3_1lfolk,0.88608050394058213
t3_1j8mbe,0.062757784169167274
t3_jx8ma,0.16789225615561007
t3_1cu42k,0.065088730223476873
t3_kalpb,0.10065460576117037
t3_12lehd,0.19280094020068642
t3_kskxw,0.16310844209790226
t3_1n296f,0.17752388021908697
t3_lgsol,0.33132348334789274
t3_i82id,0.65620374429225903
t3_n5ee3,0.26350247612595556
t3_mw6mn,0.20049114339426158
t3_1c162l,0.22296718734502788
t3_ihvtc,0.64615332758426658
t3_154oxy,0.13696927213296292
t3_kqiam,0.19893290077894923
t3_n5s0d,0.20056570619344707
t3_10kx56,0.18404404258728024
t3_v1zxp,0.23860566042363637
t3_11oca5,0.1038552448004484
t3_lhtt9,0.32954725289344783
t3_o1sex,0.25993560695648188
t3_10opxp,0.023586840419098729
t3_11l9tf,0.13402829532325267
t3_wad1r,0.10090365540422498
t3_11ub4a,0.45275767946243284
t3_yrhwg,0.048086845416575659
t3_wapmb,0.010933127969503402
t3_1azh0f,0.13934680917859077
t3_1cyenp,0.14442836014553903
t3_m4a4w,0.21888104479014867
t3_16ei1j,0.14349868017435072
t3_17dp7q,0.10548866472207007
t3_1b1yue,0.16805341292917725
t3_128jt5,0.25123328582942484
t3_xbm38,0.30251474374532694
t3_1hplyt,0.15487240052223203
t3_yhdcj,0.16309322443604468
t3_1h7v40,0.1211001868881285
t3_qywp7,0.071630049414932714
t3_1mjo0g,0.065869541756808744
t3_i2gwx,0.6713101682662963
t3_x7px3,0.08753790117800235
t3_17crrn,0.063365146581316353
t3_15muo0,0.095753704182803615
t3_iatwz,0.70548437499999994
t3_j55ss,0.32078579866886137
t3_1ah59z,0.83601387882232658
t3_1hg3ju,0.67302553176879876
t3_kfdgh,0.1594079829715192
t3_l61uc,0.073570678144693369
t3_w6c9t,0.057171659894287581
t3_m5gfe,0.098718168664723618
t3_1nuw9m,0.20665613515675066
t3_rc0s8,0.065580150961875902
t3_n04lh,0.096289955530315621
t3_ozr08,0.1229380621165037
t3_k5v9b,0.076631912879645811
t3_z1zks,0.028415629328927019
t3_q5yda,0.10752686040103433
t3_y3xyz,0.057152068492956447
t3_julqz,0.045167962871491905
t3_14tned,0.12997136621177194
t3_11ppkr,0.022606983947567636
t3_1cruvk,0.08750219430401919
t3_s3iwq,0.24560540968179698
t3_iqvav,0.37161687356233591
t3_lzc3o,0.21489531084895128
t3_wgfco,0.039378275945782658
t3_14tp3u,0.8914231967926024
t3_pgnfb,0.043349064987152804
t3_jf2ir,0.079000771895050989
t3_k4gza,0.1130701468810439
t3_10wg2c,0.14015165979415176
t3_if7p7,0.49595280373096456
t3_m45jf,0.07669578484445809
t3_uf051,0.93579355430603017
t3_17mn5i,0.29255231809616083
t3_17gl52,0.094142236499115808
t3_iqvla,0.31424831795692443
t3_ldki5,0.28980248904228206
t3_1126jt,0.11005037419497964
t3_mvsb5,0.076259557325392954
t3_n32ze,0.14047829256579278
t3_gl7ef,0.46953873932361595
t3_iug9n,0.35956289142370218
t3_1ewdrb,0.13043706475198266
t3_tdu8m,0.19888172485306857
t3_k91wr,0.19540901084989307
t3_r0h5h,0.022541060046292836
t3_ifbw5,0.32467249834537504
t3_1n7sx3,0.14312801794707775
t3_1b5a4p,0.10454562003910541
t3_iamq6,0.46496476227045053
t3_o6z29,0.14832826680783179
t3_jydqo,0.15101363450288771
t3_p3ftt,0.15516810618340968
t3_pupzc,0.21995267669856541
t3_tn97v,0.030940414473414415
t3_vqsnl,0.072517123207449907
t3_12cxuc,0.069990703754127012
t3_1ktx51,0.086446038182824828
t3_tydcg,0.19005768372304735
t3_hug18,0.40311400187015528
t3_mi7ma,0.12613521170616149
t3_l67if,0.043810382702387858
t3_1lml71,0.072163347089663141
t3_otuha,0.053873668309301133
t3_1dfe2n,0.37638998758792874
t3_zkui3,0.34510550600290291
t3_1mh9w4,0.071447509159333997
t3_1jp3f1,0.093372522139921768
t3_16gr5b,0.058474874723702656
t3_mwd82,0.13394467043876646
t3_1jn1j6,0.11839552855864165
t3_1ezf35,0.022509043970145279
t3_1j4ytk,0.88028860068321213
t3_ud0gj,0.03007312474958598
t3_1f8knc,0.072515499945729964
t3_vgool,0.92949012398719777
t3_11b1ti,0.058809718716889607
t3_1aoz8s,0.22658260765671726
t3_1cr1zd,0.036689804485067722
t3_yvma1,0.081456412512809023
t3_ifzvz,0.44116597115993494
t3_sp26r,0.35552637618780131
t3_w5b9g,0.054562107078731055
t3_ql4hw,0.080894982161000356
t3_v1zdc,0.20476914566755292
t3_kxz0h,0.40017482376098629
t3_wa7hw,0.93467888784408559
t3_lgtm6,0.0745465575531125
t3_is4sr,0.19556004644185301
t3_19b1c5,0.18081413808464999
t3_1iv47z,0.029385991577990347
t3_1j04eu,0.19103540290892121
t3_1jx10i,0.091593471273779856
t3_i5o5g,0.3477979528307914
t3_1e920k,0.23289630559086796
t3_k70pb,0.94249070310592642
t3_xko5d,0.13193203392624853
t3_1a3vfl,0.091725457910448296
t3_1lxybt,0.16193912932788951
t3_ldjhu,0.57933386409282672
t3_ldeog,0.31964512079954144
t3_pfod3,0.27743894459307189
t3_193qwb,0.28432980906963345
t3_1950v4,0.2668879761099815
t3_lzkhn,0.14967405458725985
t3_krl47,0.037716617891564962
t3_r67bm,0.027281909748911856
t3_zaw9z,0.22633494018018244
t3_sxko6,0.12400315635651347
t3_p8av3,0.12285869316011665
t3_inwm2,0.21350830045342442
t3_1ihttr,0.13901562528312206
t3_j85dp,0.16366934788227078
t3_1ag1v5,0.87342545294761642
t3_1lu5yo,0.070640115467831485
t3_1fj9p3,0.30085746926069257
t3_1nv4ks,0.12367410264536736
t3_1mdaak,0.14045514290104619
t3_1ctxw7,0.2128006615042686
t3_1eevnc,0.39064958000183103
t3_1ij15g,0.12271035677380858
t3_15isv5,0.13638563810288903
t3_1lf3me,0.087438832936808444
t3_16d2ly,0.090510222330689408
t3_1k1xs4,0.12625445008277891
t3_ytvgx,0.31609142768383025
t3_1ihggu,0.19568846759200093
t3_iyq1i,0.10974998699128626
t3_j2vji,0.14749521788954734
t3_tf9im,0.095949989728629573
t3_15ti56,0.048673722993582476
t3_zq14r,0.091517688442021586
t3_ix9g0,0.19052622765302654
t3_sosun,0.074398327786475413
t3_13byqo,0.090223078534007059
t3_1cf800,0.13541568426787851
t3_135fj1,0.12709252075850963
t3_1crefk,0.1664789182692766
t3_10cvn1,0.099659437897615125
t3_sidd8,0.16501417560130355
t3_l4o05,0.021415601592976594
t3_1irpp0,0.17602674488723274
t3_14tboe,0.099423722016625096
t3_14vcsz,0.18633387933298942
t3_1ik17v,0.058048252366483206
t3_1memn0,0.29762058299779887
t3_1icup0,0.3646593514680862
t3_lhqi7,0.04455856870859861
t3_1ipvwk,0.050017200045287598
t3_1dlaly,0.064067069242708372
t3_zzuu4,0.16665847353637217
t3_19cz7c,0.07279053766280412
t3_1k64o2,0.10011196321249007
t3_1mjpg0,0.16872351662674914
t3_iol8h,0.50613646918535227
t3_1isd30,0.077773628591559812
t3_lj7oy,0.92254686760902394
t3_xnm2p,0.2128820973485708
t3_1c3v9m,0.12837262894213197
t3_s4svv,0.86447447371482844
t3_19jlpy,0.13273686426877973
t3_19nhbi,0.072390134796500194
t3_1gb1to,0.16201991757750508
t3_1c8rmz,0.92637268185615529
t3_1igt9f,0.25047975388169286
t3_1eqmt5,0.14180608005821704
t3_rwaf0,0.081517965484410509
t3_1kw2e6,0.20909944295138114
t3_1jgelh,0.12597724055498838
t3_jcq0o,0.20147514809295533
t3_172kz4,0.07483299999684094
t3_w56fp,0.92907909035682668
t3_my16i,0.13114739193022248
t3_k0r9x,0.14261327968537807
t3_17sczo,0.065978573786094771
t3_14im5p,0.30887698894739146
t3_1ih8z4,0.92908400774002065
t3_qmmdi,0.13575446403026578
t3_qgsgw,0.0077949392893351599
t3_1gdjus,0.1805408249609172
t3_k0vt2,0.24635697066783899
t3_1jd94m,0.19096808669716117
t3_k4z02,0.13990612404793498
t3_lp6lv,0.13755964958667755
t3_1agayp,0.18499742280691858
t3_1b9o16,0.14167166463285683
t3_17q6f5,0.13378968302905558
t3_n39i4,0.082745750851929173
t3_pey91,0.079328350424766533
t3_125l77,0.022282855169847602
t3_150p6t,0.10806478119455275
t3_1ig7c8,0.18672575286403295
t3_1bd8v3,0.23156313523650165
t3_in1tc,0.24339284034818406
t3_pcmhh,0.43195891332626335
t3_ziw36,0.071516019426286215
t3_m489r,0.16325520034134386
t3_jxuil,0.1740578616261482
t3_i7lvc,0.6443705221414564
t3_iq3hd,0.68255050158500663
t3_y5tl0,0.27602866661548608
t3_1mx6dp,0.26571375030651684
t3_17la4f,0.059016488160938012
t3_i11au,0.20999738126993175
t3_naa39,0.29610268767178055
t3_k87gg,0.20725477999448774
t3_lrud4,0.10808851432055232
t3_11k0ch,0.079138782758265719
t3_jjtne,0.10810754446685313
t3_1o3fi6,0.25951347116380924
t3_qwz21,0.32786821010708805
t3_if9kv,0.12923098826408386
t3_ino69,0.45704233640432351
t3_y36b3,0.17764756216853853
t3_ljw7y,0.03782740173861384
t3_msmlt,0.016893151715397833
t3_1c01o8,0.44338607454299922
t3_yk3jz,0.075048047285526984
t3_jvh01,0.19728889757394788
t3_wgsws,0.10052268370240926
t3_lq66h,0.19808618019521232
t3_15567s,0.91558754777908313
t3_1lsr9x,0.16144352443143722
t3_1d96q8,0.29560543406009671
t3_r1xtu,0.050375425490550692
t3_1exwmo,0.16519787289202212
t3_k4m4x,0.22018191087245939
t3_15e251,0.090846098445355877
t3_1ma7rd,0.13442534123733638
t3_jgtfw,0.1368006961941719
t3_18droz,0.9012063760757445
t3_phmbn,0.23095491969585416
t3_n6s1i,0.22179555710405105
t3_htxnw,0.47798416543006889
t3_wkd6l,0.90526396298408496
t3_1i8b15,0.073894621040672057
t3_17ovhi,0.11334105759207157
t3_ngtw8,0.0014633056707680225
t3_jedff,0.50325603950023645
t3_1iv2s8,0.036986323855817314
t3_iynyd,0.15699096945673224
t3_vi2qo,0.14946260544657705
t3_nz2df,0.20309245397150513
t3_rkhub,0.13185256144404409
t3_jmr1j,0.19549518938735125
t3_iwavb,0.085935899606905855
t3_iv6eu,0.25673690262436866
t3_j6nr5,0.48314555370807638
t3_1cniq6,0.32363107037544248
t3_q0c6k,0.17796838152408598
t3_1mufdh,0.11711567316204306
t3_1bw1b9,0.046396179225295771
t3_ico94,0.36021616077423091
t3_vipop,0.18557717290520664
t3_1iwdep,0.16390544445812699
t3_1izd63,0.095020307213067992
t3_1m9j1d,0.49693340516090384
t3_1g5pyx,0.063387610618025059
t3_v7tzf,0.15148590191081163
t3_jog1v,0.040779179278761145
t3_pe8md,0.12500632251799104
t3_kxlzo,0.17572531718015669
t3_kz2ws,0.11041353551670906
t3_1ee1fp,0.17776190730929373
t3_khxzm,0.015562510966323313
t3_1166u8,0.081513958934694514
t3_wj4na,0.13172675652801988
t3_11lg2f,0.19506588879600165
t3_1iwg9n,0.046172459710389364
t3_vjgu4,0.085592473343014702
t3_1275dw,0.051051217714324588
t3_16w1fs,0.12465107002109287
t3_1lxlbw,0.05060898885224014
t3_ojw1m,0.2374549507796764
t3_1jart1,0.11237068196758625
t3_yf6n3,0.23110685966908925
t3_1n859f,0.095567027091979964
t3_n993g,0.10451613852381704
t3_jzi49,0.095738400690257533
t3_tv7zq,0.84523808574676507
t3_opj7h,0.23720946145057673
t3_12jio7,0.021851114746183151
t3_1loyn7,0.19791474649310109
t3_12c6hf,0.060926759283989655
t3_pzish,0.26763625210523601
t3_1h05vp,0.022028673024848098
t3_110efm,0.14025419232249259
t3_xa98e,0.64042879104614259
t3_xgrpi,0.024601826960220927
t3_1h29mo,0.51360778820514674
t3_niode,0.63184593224525432
t3_hy49h,0.43028312587738032
t3_1eluz0,0.043608195481821883
t3_12eoc9,0.054209251772612328
t3_1necw3,0.19915872416831551
t3_1lw16j,0.89422908544540392
t3_ihh90,0.37977111077308651
t3_jyepv,0.25020779049396513
t3_kqf8k,0.08009149944223462
t3_m9h42,0.092953612780198439
t3_ikck4,0.35759941798448558
t3_vzfp5,0.44143196320533751
t3_1mhbok,0.10264826123788952
t3_150x3u,0.15279897500574585
t3_rdsa5,0.92823330044746388
t3_1k175h,0.1323718478195369
t3_xu8em,0.12813610216230154
t3_w7fjy,0.12731823702901601
t3_xnrho,0.11964308211207388
t3_1n6wjw,0.063205493823159473
t3_15fud8,0.12888801869750022
t3_11hnoe,0.071454698038287454
t3_jmnl8,0.17394550973176953
t3_1kkv09,0.082449557676911339
t3_ngvgh,0.043665514544583846
t3_jx94c,0.15577304117381571
t3_xwxmj,0.038288878127932545
t3_iwfd1,0.14046735278517006
t3_10hpsk,0.89374759912490831
t3_hvwav,0.67280707788467398
t3_snqsi,0.38794554033875456
t3_icqr9,0.53226173591613768
t3_ibz1b,0.47816023582220063
t3_iay69,0.4237717952728271
t3_11zblm,0.092425222260877474
t3_wzkmu,0.13080721117556093
t3_1crpj5,0.037382639097049829
t3_iczu2,0.39869710183143614
t3_wns9p,0.10558606052398679
t3_1invu0,0.052584882477298374
t3_m2hic,0.11366784424800423
t3_vi9dc,0.14921751946210859
t3_pimge,0.40318728506565088
t3_i7adt,0.5443258647322653
t3_15e9dq,0.89874115777015673
t3_1czkj9,0.20400665095448492
t3_1btf55,0.15152421993017196
t3_yifuj,0.024161641269922256
t3_zh4v4,0.16654540352523325
t3_paght,0.1201034006020054
t3_1bmaeo,0.2028899513483047
t3_1mnkgu,0.12383895326033233
t3_1hdqo9,0.15004803109169004
t3_12lbis,0.0065996665507555008
t3_1hcumf,0.20676104749739163
t3_11s3p3,0.14591978918015955
t3_1dkhn2,0.21798815510421984
t3_onxcv,0.022888364204205567
t3_1g5q8a,0.1703153743073344
t3_16lcq8,0.076117312669754023
t3_17gi30,0.18408382236957546
t3_ibs5y,0.22943778705596921
t3_1cs2px,0.27779537779092783
t3_v4w93,0.084631639442872234
t3_1n1axt,0.18198604667559262
t3_ihko3,0.31875232788920399
t3_1896rw,0.11621166534721848
t3_125i9k,0.88726609992980943
t3_ww56x,0.30593415316939349
t3_uj7th,0.018338234197348355
t3_xsnoi,0.88701438951492295
t3_jyi06,0.40411566221714013
t3_yxnzv,0.10091452156007288
t3_l4640,0.15296650736406442
t3_1dnss4,0.09162433139607308
t3_1359u2,0.14886257179081439
t3_s4r05,0.1096106392815709
t3_j16ec,0.15380267484858628
t3_zpi3v,0.095079180303961022
t3_pyewj,0.070229674823582167
t3_ychfj,0.19400768280029293
t3_l4pgj,0.20345310097187755
t3_1llkaa,0.35706890398263924
t3_wj3qa,0.030063332591205829
t3_zy61w,0.074580190405249588
t3_1dize8,0.25082274079322808
t3_1f7t8i,0.053240581765770907
t3_1lerlv,0.085388214877806581
t3_1meieg,0.92048985171318043
t3_156xcj,0.080350389422848806
t3_j8iuv,0.22946761244535444
t3_irgvc,0.26710615962743756
t3_qyedt,0.092287238439545019
t3_u95c6,0.17548549373447891
t3_1e97au,0.87331449890136703
t3_wp8uc,0.10011837831139564
t3_sst1u,0.40194554033875457
t3_1c63lb,0.31846557897329325
t3_o85l6,0.099561042619869103
t3_idivc,0.40331711816787719
t3_k45dt,0.25864948558807366
t3_19ywdh,0.92568895697593678
t3_kf0cy,0.22901088282465928
t3_137zgp,0.11605220594257114
t3_1gx8mx,0.45286626780033107
t3_tvndu,0.30720998242497438
t3_zsgtc,0.2608575360774994
t3_l4n9w,0.17190191605687138
t3_mjeye,0.00053083867533132434
t3_mz1mg,0.0020369796548038721
t3_jgbs9,0.33755476638674731
t3_1gnaod,0.087637443762272574
t3_hrz9i,0.54053466975688935
t3_1me64e,0.10810922320932147
t3_idq7h,0.32488739156723018
t3_ys5ol,0.14950091934204099
t3_1lezr3,0.17468864532560108
t3_lnwd6,0.54076811838150018
t3_zwbh8,0.015942936796694993
t3_1ctkfz,0.068354190461337561
t3_1kn4ge,0.1931696599051356
t3_1l10qa,0.30966150069236753
t3_177ayp,0.94304156923294058
t3_jijg7,0.12517974484339356
t3_16vnjz,0.68706960511207571
t3_1nbk1o,0.028158417387865477
t3_vem93,0.23016042244434351
t3_o6e99,0.22623609375953671
t3_jahvc,0.041580255459994074
t3_k62zb,0.33624946936964983
t3_1n351g,0.092898307004012151
t3_11tjwv,0.078004538265988216
t3_14ux4w,0.07223753438331186
t3_ijhc3,0.26543412196636196
t3_1j6f3u,0.10030952560156582
t3_w21z2,0.21462950508296483
t3_j82a6,0.076441951729357235
t3_pm783,0.35193045318126676
t3_v3r93,0.11751118186116218
t3_1jimga,0.20656737477704876
t3_idti4,0.27628621569275852
t3_mjkln,0.1968316055834293
t3_y2ne5,0.056212228357791889
t3_xry1e,0.18920133374631401
t3_qceuc,0.95699227619171123
t3_16noen,0.056046376354992385
t3_1ee39k,0.18518683283030984
t3_1eq5xl,0.070297106519341457
t3_mrkl3,0.036652693026699122
t3_ojet5,0.022588534447364503
t3_v0ki0,0.023750855870544905
t3_jq47k,0.17190644615888595
t3_1fqoyo,0.9147733483314513
t3_vbb3v,0.13904246900975703
t3_1k62l3,0.20105186080187556
t3_12p4pv,0.12017184379696845
t3_i37e6,0.40132477158308022
t3_if7vp,0.71209408307075495
t3_kvy1i,0.30192542201280592
t3_xd0ls,0.15314436687529084
t3_rirnq,0.06694183418899774
t3_mco6n,0.26812331646680826
t3_13tugz,0.11311485901288686
t3_k0ilx,0.09331828189641235
t3_ibat9,0.17697958846390244
t3_m42qj,0.14284204560518263
t3_1cucx0,0.33861290287971491
t3_zjfck,0.048492341153323647
t3_1iv5aj,0.17753464116901155
t3_u7z81,0.15841760895773765
t3_ke8v1,0.10957552820444104
t3_t6s95,0.93461791229248037
t3_w3y90,0.15155443604290483
t3_vvs2c,0.029451168674975627
t3_hupa5,0.60034301525354383
t3_zf126,0.089463446956127859
t3_v18x3,0.1660386310815811
t3_my9b0,0.5275676707029342
t3_10kngj,0.39794467973709102
t3_is415,0.38047872221469875
t3_io8w1,0.50080121016502366
t3_jatqy,0.3973154690265655
t3_yz9sf,0.1935567773878574
t3_k4z3q,0.0536120467595756
t3_1bird0,0.15661558119952676
t3_1cjq75,0.1096304401308298
t3_1cle36,0.021463872012915084
t3_1cgw6n,0.9148380193710326
t3_yvb02,0.093016882644966228
t3_jzmij,0.070887715257704251
t3_iii4u,0.50974561870098101
t3_jmyq9,0.12118690675683318
t3_kr3gt,0.26049110060930247
t3_w8rkv,0.0096000500656664364
t3_12x5q1,0.10659160164184865
t3_jshkp,0.04481353318132459
t3_1o9hi0,0.2904264248758554
t3_u64m1,0.13632903883606193
t3_1cylzs,0.060439258016645896
t3_icou8,0.20119091492891308
t3_jvh8u,0.33579475155472749
t3_rzjzd,0.10078660511970518
t3_mxzhx,0.48801446127891535
t3_vwclz,0.13055270893871782
t3_wxsh1,0.071610351726412766
t3_k3ki7,0.12927784358523783
t3_j6283,0.45307339680194847
t3_mxya9,0.18778357651829716
t3_1aduwk,0.082930759944021687
t3_ot2tt,0.28561068594455713
t3_1lvsn9,0.071515053212642662
t3_1cysab,0.12498967677354809
t3_nhqn0,0.36704188394546505
t3_1109ba,0.12649564911751074
t3_11sa5p,0.066100777743384229
t3_16wls1,0.035039603777229783
t3_1i8cqz,0.11570078276097771
t3_wwkkm,0.029736258738674217
t3_110gio,0.1392535115778446
t3_inmlb,0.27312937904894347
t3_k3ocx,0.3197727751731872
t3_1hz09s,0.17218910803273316
t3_1mzio9,0.13294431224837897
t3_lb1w0,0.28045046597719187
t3_1crwei,0.13356033044308421
t3_q5961,0.051569553658366192
t3_lxx3z,0.29043255856633182
t3_16appe,0.036079853507690128
t3_1adg49,0.0087879189690574996
t3_iyk1y,0.27676292153447862
t3_1iw0gf,0.24920548710227006
t3_x1o1v,0.14780415721237658
t3_1m23pg,0.2201340848654508
t3_yintm,0.099870068006217463
t3_ts9p3,0.26285161346197122
t3_z9ck0,0.073668914765119539
t3_th40x,0.92143193292617787
t3_icon7,0.21428275105357167
t3_t0mtn,0.22976833379268644
t3_juayz,0.27793870138376947
t3_mzfsp,0.11314889837056395
t3_14exjy,0.082540782585740075
t3_1c7725,0.10310546192526816
t3_1ifyzz,0.28621591451764106
t3_i96f9,0.87837964272499069
t3_kbmyh,0.30556348764896391
t3_170pqr,0.063503288232721375
t3_sqwpp,0.29929537436366077
t3_1553el,0.049240396359004075
t3_ikbu8,0.30706123974919314
t3_y6aab,0.06637619753554462
t3_1fxma9,0.02979064727853983
t3_18gj1h,0.077976470515131943
t3_o0jew,0.066573339864611614
t3_1jpkbf,0.043971466233953822
t3_idu38,0.17288350397348401
t3_lhjci,0.23768436031043524
t3_1d3hd7,0.14630977721512317
t3_150b65,0.062634469609707588
t3_rjp1j,0.14805180102400478
t3_k30r3,0.19540781782567498
t3_1hav4d,0.08835182566940783
t3_1a5ixr,0.15013274118304251
t3_pxd37,0.10728075611591338
t3_1djtso,0.91461238598823535
t3_14ezoh,0.072836741507053368
t3_12obj5,0.1770852577537298
t3_nqwjm,0.38480042904615397
t3_oifsx,0.099217100536450734
t3_1f45sh,0.0077984712137840672
t3_1fr5bm,0.014404245656682175
t3_r7odh,0.44464558172225949
t3_1kmou4,0.066494264325126992
t3_17pzg4,0.19217360733449457
t3_i0miz,0.4352903322577476
t3_il0s0,0.62115646362304688
t3_1l5uzx,0.14975761605799195
t3_1evpom,0.061486808933317656
t3_idy6k,0.28754522633552548
t3_sshis,0.17189254952967165
t3_1blxrm,0.12716972066462037
t3_1esd91,0.11714562263339755
t3_vai9m,0.12259703483991323
t3_ne3jr,0.039322206601500508
t3_1nm9os,0.074040058702230446
t3_ledhr,0.36568355369567868
t3_pw02q,0.025041207022964949
t3_irgbj,0.53849279057979582
t3_xd9hv,0.12549641941487788
t3_icu7p,0.10050099527835844
t3_1d8yob,0.11038538417965173
t3_l4xry,0.38446358859539026
t3_112jsu,0.17948216146975751
t3_kly75,0.18155970464646812
t3_ifrfv,0.27150304153561589
t3_x8mp3,0.022515145297162229
t3_x2qzw,0.17261054521799085
t3_13u1al,0.12823174504935739
t3_xnwf2,0.11366832025349137
t3_xf1p9,0.034692102178931233
t3_jjz0j,0.1902440473735332
t3_k08dr,0.29962034848332397
t3_1af9hg,0.041197388749569651
t3_tl8gg,0.88709980297088609
t3_qdtn7,0.015111279125325379
t3_ubnwm,0.91563347315788257
t3_s14x9,0.12655673922179264
t3_157g5c,0.089026444509625421
t3_y9nfg,0.12267716676555572
t3_tfqnk,0.12092647957801818
t3_1lxsiq,0.021553340360056603
t3_r1boq,0.041254731677472588
t3_14ihpw,0.094765585832297786
t3_12124d,0.058088193066418166
t3_10o1th,0.061158616229891764
t3_1blyk4,0.18859310016036032
t3_jxj0w,0.88625994372367844
t3_12vddw,0.084908974732737966
t3_1kow8l,0.18803378607332702
t3_llfug,0.34610832965373989
t3_1fqagd,0.23052803367376326
t3_pfs19,0.027634882185608143
t3_185q0b,0.17099800087511538
t3_th6m0,0.16776162584125992
t3_1ma6le,0.091996715039946123
t3_k0q1w,0.38502826666831969
t3_15xp2y,0.044600589534267772
t3_vpe62,0.11395187115669249
t3_12gbgy,0.53230881857872003
t3_jtsb9,0.015776303979568182
t3_wly8k,0.44530601322650903
t3_j2k0d,0.44915337741374967
t3_1j4tf5,0.10258703842014073
t3_yfjn0,0.088771182529628262
t3_1cot73,0.43106470954418175
t3_n81pv,0.06812321991845964
t3_ijnhm,0.40056070035696023
t3_1493gl,0.10648767068237065
t3_1i4pcy,0.2648472665250301
t3_n5o88,0.01050690959021449
t3_mrgd3,0.34440517219901079
t3_1fqv6l,0.12470591281354425
t3_mscj8,0.23338513731956476
t3_tiyor,0.079652864670380935
t3_l4rl8,0.18334743212908503
t3_1e2v32,0.06412944119609891
t3_r7sgr,0.1887845883145928
t3_t0krh,0.2396928491443395
t3_iregv,0.33312895417213434
t3_ndcvq,0.2503807145282626
t3_w3ldb,0.10261770056933163
t3_q3io5,0.24526237750053401
t3_smcni,0.15757047887518999
t3_zzsho,0.0092681220434606068
t3_pr3p3,0.095100362770259364
t3_1hluyc,0.10658987122774123
t3_k025c,0.20397436293214558
t3_1go8c1,0.10115002212300896
t3_ihhbr,0.85908227920532221
t3_1ckfzz,0.17340332517772911
t3_1l7ksf,0.030845785347744816
t3_vawcb,0.053992378875613208
t3_mody8,0.32372566896677013
t3_1foy3z,0.14085164907574652
t3_qzu4g,0.26260228064656255
t3_lmb89,0.29172116342186927
t3_1m53fu,0.11336844802182165
t3_10cy64,0.13704055903851983
t3_m7m7l,0.9265993583202361
t3_1lfrlc,0.050528789754956956
t3_iihye,0.35448634117841715
t3_xn5hp,0.14404252055287359
t3_ro9ud,0.059404531627893435
t3_kx1pn,0.29334012243151664
t3_1cn0h3,0.1554868352860212
t3_zq12j,0.088621193278580881
t3_1br2hm,0.13457900914549825
t3_knttk,0.40757187867164607
t3_11wza2,0.92269999194145191
t3_iwbsf,0.25429504576325412
t3_nys7g,0.28927465754747383
t3_17pmtu,0.043479033729992796
