ID,Class
6284,H
6285,E
6286,I
6287,D
6288,P
6289,R
6290,D
6291,A
6292,B
6293,H
6294,N
6295,N
6296,k
6297,H
6298,A
6299,A
6300,A
6301,N
6302,x
6303,s
6304,M
6305,T
6306,A
6307,a
6308,R
6309,S
6310,E
6311,D
6312,o
6313,T
6314,A
6315,a
6316,O
6317,v
6318,O
6319,A
6320,L
6321,U
6322,O
6323,i
6324,W
6325,I
6326,e
6327,M
6328,R
6329,1
6330,U
6331,A
6332,i
6333,V
6334,G
6335,E
6336,i
6337,I
6338,R
6339,A
6340,d
6341,S
6342,H
6343,R
6344,C
6345,E
6346,E
6347,E
6348,T
6349,E
6350,o
6351,A
6352,5
6353,I
6354,O
6355,6
6356,o
6357,J
6358,r
6359,N
6360,a
6361,N
6362,y
6363,h
6364,X
6365,M
6366,I
6367,F
6368,H
6369,I
6370,T
6371,A
6372,N
6373,R
6374,T
6375,E
6376,L
6377,A
6378,F
6379,B
6380,T
6381,M
6382,O
6383,E
6384,H
6385,e
6386,S
6387,A
6388,n
6389,C
6390,A
6391,H
6392,T
6393,i
6394,A
6395,E
6396,I
6397,R
6398,V
6399,A
6400,c
6401,S
6402,S
6403,E
6404,H
6405,v
6406,n
6407,q
6408,i
6409,5
6410,N
6411,C
6412,2
6413,O
6414,R
6415,E
6416,N
6417,o
6418,P
6419,N
6420,A
6421,A
6422,O
6423,N
6424,S
6425,I
6426,b
6427,4
6428,b
6429,D
6430,A
6431,3
6432,a
6433,S
6434,S
6435,A
6436,I
6437,T
6438,e
6439,O
6440,F
6441,S
6442,A
6443,t
6444,S
6445,I
6446,E
6447,I
6448,N
6449,A
6450,I
6451,A
6452,T
6453,a
6454,R
6455,E
6456,R
6457,B
6458,I
6459,I
6460,U
6461,N
6462,A
6463,t
6464,M
6465,C
6466,M
6467,c
6468,A
6469,A
6470,U
6471,H
6472,I
6473,5
6474,A
6475,N
6476,A
6477,T
6478,d
6479,A
6480,Y
6481,T
6482,a
6483,T
6484,O
6485,H
6486,E
6487,A
6488,N
6489,P
6490,e
6491,O
6492,P
6493,A
6494,V
6495,K
6496,p
6497,A
6498,H
6499,U
6500,E
6501,A
6502,O
6503,n
6504,A
6505,H
6506,O
6507,I
6508,O
6509,P
6510,H
6511,U
6512,e
6513,1
6514,M
6515,4
6516,N
6517,H
6518,A
6519,B
6520,O
6521,a
6522,R
6523,a
6524,S
6525,L
6526,E
6527,I
6528,e
6529,L
6530,t
6531,3
6532,M
6533,E
6534,a
6535,r
6536,i
6537,R
6538,E
6539,H
6540,T
6541,O
6542,N
6543,L
6544,O
6545,H
6546,A
6547,I
6548,N
6549,I
6550,A
6551,L
6552,N
6553,A
6554,e
6555,I
6556,W
6557,O
6558,C
6559,I
6560,J
6561,B
6562,O
6563,a
6564,G
6565,F
6566,A
6567,R
6568,C
6569,s
6570,F
6571,H
6572,O
6573,N
6574,S
6575,O
6576,H
6577,e
6578,O
6579,E
6580,A
6581,X
6582,N
6583,I
6584,0
6585,T
6586,l
6587,N
6588,c
6589,M
6590,d
6591,C
6592,k
6593,O
6594,e
6595,P
6596,n
6597,O
6598,I
6599,A
6600,I
6601,O
6602,E
6603,S
6604,U
6605,S
6606,L
6607,T
6608,i
6609,T
6610,H
6611,2
6612,A
6613,a
6614,O
6615,C
6616,E
6617,P
6618,M
6619,c
6620,R
6621,O
6622,C
6623,O
6624,L
6625,n
6626,G
6627,P
6628,O
6629,T
6630,K
6631,O
6632,T
6633,U
6634,p
6635,D
6636,D
6637,c
6638,T
6639,r
6640,C
6641,T
6642,P
6643,O
6644,s
6645,e
6646,i
6647,C
6648,0
6649,u
6650,P
6651,D
6652,m
6653,Q
6654,N
6655,E
6656,m
6657,P
6658,R
6659,D
6660,C
6661,E
6662,L
6663,R
6664,2
6665,i
6666,R
6667,o
6668,A
6669,I
6670,I
6671,C
6672,A
6673,O
6674,H
6675,P
6676,S
6677,A
6678,P
6679,t
6680,L
6681,7
6682,E
6683,L
6684,A
6685,u
6686,N
6687,T
6688,P
6689,L
6690,A
6691,s
6692,T
6693,A
6694,O
6695,e
6696,j
6697,E
6698,m
6699,I
6700,a
6701,O
6702,K
6703,S
6704,D
6705,F
6706,M
6707,T
6708,1
6709,S
6710,l
6711,O
6712,A
6713,T
6714,6
6715,E
6716,A
6717,E
6718,A
6719,O
6720,V
6721,S
6722,D
6723,M
6724,n
6725,M
6726,T
6727,N
6728,E
6729,7
6730,S
6731,J
6732,A
6733,a
6734,L
6735,l
6736,C
6737,D
6738,R
6739,n
6740,E
6741,d
6742,T
6743,E
6744,A
6745,C
6746,R
6747,N
6748,8
6749,n
6750,I
6751,T
6752,t
6753,n
6754,H
6755,u
6756,m
6757,I
6758,R
6759,A
6760,T
6761,E
6762,S
6763,H
6764,u
6765,S
6766,I
6767,H
6768,O
6769,O
6770,I
6771,C
6772,D
6773,R
6774,U
6775,T
6776,N
6777,E
6778,O
6779,D
6780,C
6781,a
6782,O
6783,A
6784,T
6785,C
6786,L
6787,T
6788,I
6789,a
6790,O
6791,z
6792,N
6793,O
6794,M
6795,T
6796,D
6797,A
6798,D
6799,O
6800,A
6801,E
6802,D
6803,A
6804,A
6805,H
6806,T
6807,A
6808,C
6809,A
6810,a
6811,K
6812,I
6813,S
6814,a
6815,n
6816,A
6817,E
6818,t
6819,O
6820,A
6821,T
6822,S
6823,A
6824,L
6825,H
6826,S
6827,H
6828,N
6829,P
6830,R
6831,A
6832,C
6833,E
6834,S
6835,C
6836,E
6837,D
6838,W
6839,I
6840,I
6841,T
6842,a
6843,E
6844,A
6845,o
6846,z
6847,O
6848,a
6849,i
6850,h
6851,O
6852,i
6853,E
6854,E
6855,o
6856,d
6857,V
6858,N
6859,Z
6860,e
6861,w
6862,T
6863,T
6864,E
6865,2
6866,E
6867,A
6868,1
6869,R
6870,r
6871,L
6872,T
6873,O
6874,I
6875,S
6876,l
6877,A
6878,l
6879,I
6880,a
6881,A
6882,O
6883,T
6884,L
6885,L
6886,I
6887,A
6888,A
6889,E
6890,a
6891,S
6892,i
6893,T
6894,G
6895,T
6896,J
6897,S
6898,T
6899,A
6900,A
6901,V
6902,G
6903,R
6904,S
6905,c
6906,i
6907,A
6908,B
6909,4
6910,L
6911,I
6912,R
6913,A
6914,I
6915,O
6916,I
6917,e
6918,A
6919,T
6920,R
6921,Y
6922,A
6923,l
6924,A
6925,S
6926,P
6927,N
6928,E
6929,A
6930,R
6931,N
6932,0
6933,A
6934,C
6935,L
6936,n
6937,o
6938,A
6939,A
6940,U
6941,x
6942,R
6943,y
6944,O
6945,C
6946,N
6947,I
6948,T
6949,I
6950,L
6951,y
6952,L
6953,D
6954,n
6955,I
6956,O
6957,M
6958,I
6959,o
6960,A
6961,E
6962,G
6963,I
6964,G
6965,A
6966,A
6967,R
6968,V
6969,V
6970,I
6971,i
6972,9
6973,L
6974,T
6975,L
6976,e
6977,R
6978,o
6979,S
6980,K
6981,D
6982,M
6983,A
6984,a
6985,O
6986,M
6987,P
6988,A
6989,E
6990,A
6991,H
6992,o
6993,y
6994,S
6995,N
6996,l
6997,a
6998,I
6999,S
7000,A
7001,A
7002,i
7003,W
7004,A
7005,N
7006,p
7007,A
7008,E
7009,I
7010,A
7011,A
7012,O
7013,A
7014,O
7015,J
7016,N
7017,e
7018,L
7019,i
7020,A
7021,M
7022,R
7023,O
7024,C
7025,w
7026,O
7027,e
7028,O
7029,V
7030,C
7031,R
7032,Y
7033,e
7034,O
7035,d
7036,2
7037,E
7038,G
7039,T
7040,A
7041,y
7042,o
7043,V
7044,E
7045,E
7046,C
7047,O
7048,O
7049,t
7050,I
7051,O
7052,I
7053,A
7054,Y
7055,R
7056,C
7057,A
7058,A
7059,T
7060,D
7061,N
7062,T
7063,C
7064,N
7065,O
7066,S
7067,T
7068,i
7069,G
7070,F
7071,a
7072,7
7073,s
7074,2
7075,I
7076,T
7077,O
7078,P
7079,C
7080,A
7081,O
7082,4
7083,D
7084,a
7085,S
7086,A
7087,h
7088,2
7089,D
7090,E
7091,R
7092,T
7093,R
7094,U
7095,A
7096,I
7097,O
7098,E
7099,A
7100,T
7101,u
7102,o
7103,L
7104,i
7105,D
7106,r
7107,L
7108,O
7109,A
7110,t
7111,A
7112,V
7113,T
7114,e
7115,A
7116,N
7117,L
7118,A
7119,S
7120,L
7121,R
7122,A
7123,E
7124,B
7125,S
7126,M
7127,O
7128,A
7129,L
7130,A
7131,D
7132,S
7133,W
7134,H
7135,E
7136,r
7137,b
7138,U
7139,A
7140,I
7141,T
7142,A
7143,M
7144,A
7145,T
7146,i
7147,A
7148,W
7149,O
7150,T
7151,I
7152,E
7153,A
7154,p
7155,A
7156,e
7157,E
7158,A
7159,A
7160,E
7161,P
7162,a
7163,H
7164,o
7165,A
7166,L
7167,X
7168,E
7169,M
7170,I
7171,O
7172,R
7173,c
7174,l
7175,A
7176,S
7177,m
7178,A
7179,V
7180,h
7181,A
7182,a
7183,M
7184,e
7185,7
7186,A
7187,S
7188,T
7189,M
7190,N
7191,K
7192,A
7193,i
7194,5
7195,A
7196,D
7197,H
7198,K
7199,O
7200,N
7201,l
7202,A
7203,D
7204,O
7205,O
7206,O
7207,Z
7208,N
7209,R
7210,I
7211,n
7212,E
7213,H
7214,A
7215,O
7216,I
7217,7
7218,T
7219,I
7220,A
7221,A
7222,3
7223,K
7224,W
7225,U
7226,S
7227,e
7228,A
7229,O
7230,r
7231,a
7232,4
7233,R
7234,D
7235,D
7236,O
7237,a
7238,U
7239,N
7240,R
7241,L
7242,S
7243,S
7244,P
7245,N
7246,I
7247,O
7248,a
7249,O
7250,U
7251,e
7252,E
7253,S
7254,D
7255,A
7256,S
7257,u
7258,A
7259,E
7260,X
7261,i
7262,O
7263,H
7264,i
7265,I
7266,C
7267,S
7268,I
7269,O
7270,E
7271,N
7272,G
7273,R
7274,s
7275,B
7276,1
7277,Y
7278,R
7279,E
7280,i
7281,n
7282,x
7283,T
7284,r
7285,t
7286,E
7287,P
7288,s
7289,A
7290,A
7291,E
7292,S
7293,t
7294,I
7295,n
7296,U
7297,R
7298,N
7299,A
7300,D
7301,i
7302,r
7303,G
7304,I
7305,E
7306,6
7307,D
7308,A
7309,a
7310,d
7311,T
7312,I
7313,A
7314,A
7315,m
7316,I
7317,S
7318,R
7319,e
7320,C
7321,m
7322,I
7323,G
7324,S
7325,A
7326,O
7327,N
7328,C
7329,Y
7330,N
7331,R
7332,T
7333,A
7334,A
7335,R
7336,O
7337,M
7338,H
7339,I
7340,I
7341,i
7342,E
7343,E
7344,U
7345,N
7346,2
7347,O
7348,P
7349,I
7350,A
7351,e
7352,H
7353,A
7354,T
7355,T
7356,5
7357,N
7358,r
7359,O
7360,I
7361,L
7362,R
7363,I
7364,T
7365,C
7366,T
7367,E
7368,S
7369,E
7370,A
7371,i
7372,O
7373,l
7374,N
7375,E
7376,5
7377,T
7378,I
7379,A
7380,F
7381,R
7382,S
7383,S
7384,O
7385,M
7386,O
7387,a
7388,D
7389,i
7390,S
7391,I
7392,T
7393,M
7394,D
7395,M
7396,h
7397,L
7398,O
7399,O
7400,I
7401,E
7402,O
7403,N
7404,e
7405,A
7406,B
7407,E
7408,A
7409,O
7410,B
7411,N
7412,7
7413,I
7414,3
7415,A
7416,I
7417,i
7418,A
7419,o
7420,T
7421,I
7422,C
7423,O
7424,7
7425,X
7426,H
7427,e
7428,h
7429,U
7430,A
7431,I
7432,t
7433,A
7434,A
7435,E
7436,K
7437,Y
7438,0
7439,S
7440,H
7441,a
7442,A
7443,D
7444,E
7445,S
7446,e
7447,R
7448,O
7449,U
7450,H
7451,L
7452,A
7453,S
7454,5
7455,i
7456,s
7457,C
7458,D
7459,I
7460,S
7461,R
7462,E
7463,t
7464,A
7465,I
7466,T
7467,n
7468,G
7469,A
7470,Q
7471,M
7472,N
7473,I
7474,P
7475,a
7476,9
7477,R
7478,B
7479,l
7480,N
7481,C
7482,a
7483,e
7484,L
7485,A
7486,I
7487,L
7488,S
7489,E
7490,P
7491,y
7492,N
7493,K
7494,1
7495,I
7496,E
7497,C
7498,a
7499,I
7500,e
7501,O
7502,P
7503,N
7504,U
7505,y
7506,D
7507,t
7508,O
7509,T
7510,I
7511,G
7512,A
7513,S
7514,A
7515,S
7516,K
7517,L
7518,E
7519,H
7520,E
7521,A
7522,E
7523,A
7524,I
7525,E
7526,T
7527,A
7528,P
7529,T
7530,t
7531,R
7532,O
7533,A
7534,e
7535,A
7536,3
7537,V
7538,I
7539,K
7540,l
7541,O
7542,P
7543,R
7544,H
7545,O
7546,X
7547,R
7548,l
7549,e
7550,A
7551,A
7552,L
7553,A
7554,a
7555,d
7556,V
7557,N
7558,e
7559,S
7560,M
7561,C
7562,A
7563,I
7564,T
7565,h
7566,A
7567,2
7568,H
7569,R
7570,N
7571,L
7572,f
7573,E
7574,H
7575,O
7576,R
7577,D
7578,o
7579,a
7580,A
7581,N
7582,O
7583,i
7584,D
7585,n
7586,T
7587,K
7588,P
7589,W
7590,S
7591,P
7592,C
7593,T
7594,R
7595,c
7596,O
7597,S
7598,T
7599,T
7600,Y
7601,A
7602,A
7603,9
7604,A
7605,N
7606,S
7607,T
7608,s
7609,A
7610,T
7611,v
7612,T
7613,D
7614,I
7615,j
7616,A
7617,r
7618,i
7619,S
7620,P
7621,N
7622,i
7623,E
7624,A
7625,D
7626,i
7627,D
7628,A
7629,P
7630,a
7631,c
7632,I
7633,A
7634,N
7635,O
7636,S
7637,P
7638,D
7639,B
7640,A
7641,E
7642,B
7643,T
7644,G
7645,i
7646,t
7647,E
7648,A
7649,o
7650,A
7651,A
7652,I
7653,A
7654,D
7655,B
7656,o
7657,E
7658,i
7659,r
7660,N
7661,R
7662,A
7663,2
7664,V
7665,L
7666,g
7667,T
7668,x
7669,E
7670,N
7671,6
7672,G
7673,A
7674,V
7675,T
7676,r
7677,D
7678,D
7679,I
7680,T
7681,A
7682,a
7683,S
7684,O
7685,D
7686,i
7687,I
7688,E
7689,O
7690,D
7691,A
7692,H
7693,C
7694,A
7695,I
7696,H
7697,O
7698,P
7699,A
7700,a
7701,Y
7702,N
7703,P
7704,P
7705,R
7706,i
7707,R
7708,S
7709,I
7710,O
7711,A
7712,P
7713,e
7714,A
7715,G
7716,T
7717,M
7718,D
7719,T
7720,T
7721,S
7722,S
7723,P
7724,O
7725,S
7726,i
7727,S
7728,N
7729,9
7730,D
7731,I
7732,N
7733,E
7734,O
7735,D
7736,U
7737,S
7738,R
7739,E
7740,C
7741,O
7742,A
7743,a
7744,A
7745,n
7746,R
7747,c
7748,N
7749,N
7750,T
7751,r
7752,C
7753,T
7754,E
7755,W
7756,R
7757,n
7758,M
7759,A
7760,g
7761,i
7762,S
7763,A
7764,R
7765,I
7766,A
7767,6
7768,S
7769,A
7770,N
7771,4
7772,R
7773,S
7774,R
7775,S
7776,A
7777,n
7778,E
7779,O
7780,A
7781,A
7782,r
7783,h
7784,T
7785,3
7786,C
7787,K
7788,P
7789,e
7790,P
7791,5
7792,m
7793,t
7794,N
7795,A
7796,E
7797,n
7798,O
7799,O
7800,G
7801,I
7802,T
7803,N
7804,A
7805,I
7806,M
7807,y
7808,o
7809,U
7810,K
7811,O
7812,S
7813,C
7814,A
7815,a
7816,T
7817,E
7818,7
7819,d
7820,i
7821,F
7822,e
7823,r
7824,T
7825,a
7826,A
7827,r
7828,5
7829,P
7830,A
7831,P
7832,H
7833,S
7834,O
7835,H
7836,A
7837,R
7838,S
7839,S
7840,Y
7841,e
7842,A
7843,T
7844,N
7845,E
7846,F
7847,E
7848,S
7849,N
7850,r
7851,R
7852,A
7853,M
7854,F
7855,7
7856,1
7857,Q
7858,o
7859,s
7860,L
7861,Y
7862,E
7863,D
7864,H
7865,7
7866,N
7867,S
7868,a
7869,A
7870,G
7871,E
7872,G
7873,L
7874,A
7875,E
7876,E
7877,B
7878,I
7879,N
7880,H
7881,E
7882,A
7883,C
7884,a
7885,S
7886,A
7887,A
7888,A
7889,D
7890,A
7891,o
7892,E
7893,A
7894,s
7895,N
7896,I
7897,K
7898,N
7899,E
7900,O
7901,e
7902,F
7903,S
7904,N
7905,T
7906,O
7907,V
7908,E
7909,i
7910,A
7911,K
7912,2
7913,O
7914,2
7915,C
7916,R
7917,I
7918,F
7919,i
7920,v
7921,J
7922,S
7923,H
7924,e
7925,S
7926,E
7927,V
7928,C
7929,Y
7930,T
7931,O
7932,E
7933,H
7934,r
7935,A
7936,U
7937,r
7938,N
7939,I
7940,T
7941,E
7942,H
7943,o
7944,i
7945,E
7946,R
7947,E
7948,R
7949,D
7950,T
7951,L
7952,A
7953,A
7954,I
7955,U
7956,I
7957,I
7958,I
7959,E
7960,r
7961,E
7962,a
7963,W
7964,T
7965,O
7966,I
7967,T
7968,S
7969,H
7970,S
7971,N
7972,o
7973,H
7974,i
7975,P
7976,A
7977,R
7978,O
7979,T
7980,t
7981,l
7982,E
7983,J
7984,T
7985,L
7986,H
7987,N
7988,e
7989,D
7990,T
7991,S
7992,s
7993,J
7994,C
7995,n
7996,O
7997,R
7998,e
7999,D
8000,N
8001,D
8002,S
8003,R
8004,c
8005,H
8006,X
8007,I
8008,T
8009,A
8010,A
8011,M
8012,6
8013,R
8014,I
8015,E
8016,L
8017,c
8018,t
8019,A
8020,T
8021,A
8022,I
8023,D
8024,H
8025,O
8026,O
8027,q
8028,O
8029,A
8030,A
8031,N
8032,c
8033,C
8034,I
8035,S
8036,M
8037,E
8038,T
8039,a
8040,U
8041,O
8042,O
8043,J
8044,O
8045,s
8046,N
8047,U
8048,S
8049,n
8050,O
8051,A
8052,i
8053,9
8054,H
8055,j
8056,R
8057,R
8058,I
8059,M
8060,A
8061,j
8062,R
8063,S
8064,R
8065,E
8066,O
8067,O
8068,I
8069,N
8070,N
8071,O
8072,E
8073,E
8074,E
8075,R
8076,O
8077,d
8078,R
8079,U
8080,y
8081,E
8082,S
8083,E
8084,N
8085,m
8086,O
8087,m
8088,r
8089,o
8090,R
8091,5
8092,T
8093,H
8094,A
8095,O
8096,r
8097,T
8098,E
8099,A
8100,S
8101,l
8102,I
8103,H
8104,I
8105,n
8106,a
8107,C
8108,r
8109,T
8110,A
8111,c
8112,i
8113,E
8114,T
8115,D
8116,L
8117,A
8118,N
8119,L
8120,A
8121,L
8122,G
8123,o
8124,I
8125,H
8126,0
8127,H
8128,1
8129,T
8130,L
8131,A
8132,T
8133,N
8134,B
8135,R
8136,c
8137,K
8138,T
8139,R
8140,o
8141,T
8142,D
8143,G
8144,T
8145,A
8146,W
8147,E
8148,o
8149,N
8150,C
8151,A
8152,p
8153,A
8154,O
8155,U
8156,T
8157,G
8158,A
8159,o
8160,k
8161,R
8162,s
8163,H
8164,S
8165,2
8166,K
8167,0
8168,M
8169,G
8170,U
8171,E
8172,I
8173,A
8174,S
8175,S
8176,I
8177,R
8178,I
8179,E
8180,T
8181,I
8182,O
8183,O
8184,E
8185,3
8186,K
8187,L
8188,A
8189,H
8190,e
8191,s
8192,i
8193,S
8194,B
8195,M
8196,E
8197,A
8198,S
8199,A
8200,A
8201,S
8202,I
8203,t
8204,A
8205,A
8206,N
8207,C
8208,e
8209,L
8210,E
8211,S
8212,i
8213,A
8214,T
8215,E
8216,N
8217,C
8218,A
8219,J
8220,K
8221,I
8222,H
8223,N
8224,f
8225,H
8226,N
8227,A
8228,A
8229,R
8230,s
8231,p
8232,T
8233,N
8234,E
8235,A
8236,i
8237,P
8238,A
8239,H
8240,a
8241,O
8242,A
8243,I
8244,O
8245,G
8246,I
8247,E
8248,v
8249,T
8250,A
8251,C
8252,M
8253,o
8254,O
8255,S
8256,s
8257,P
8258,r
8259,M
8260,O
8261,N
8262,O
8263,T
8264,G
8265,G
8266,S
8267,e
8268,E
8269,T
8270,d
8271,E
8272,A
8273,9
8274,O
8275,e
8276,R
8277,e
8278,A
8279,e
8280,L
8281,O
8282,R
8283,A
8284,A
8285,L
8286,S
8287,T
8288,A
8289,o
8290,E
8291,i
8292,T
8293,J
8294,O
8295,T
8296,C
8297,N
8298,3
8299,C
8300,A
8301,O
8302,1
8303,q
8304,N
8305,O
8306,M
8307,I
8308,T
8309,N
8310,C
8311,E
8312,O
8313,A
8314,7
8315,A
8316,b
8317,i
8318,O
8319,A
8320,T
8321,A
8322,T
8323,P
8324,E
8325,K
8326,T
8327,I
8328,L
8329,A
8330,E
8331,A
8332,t
8333,M
8334,A
8335,D
8336,D
8337,a
8338,0
8339,L
8340,I
8341,A
8342,s
8343,A
8344,C
8345,N
8346,S
8347,P
8348,O
8349,E
8350,I
8351,N
8352,0
8353,i
8354,A
8355,T
8356,i
8357,D
8358,O
8359,I
8360,r
8361,T
8362,F
8363,E
8364,O
8365,D
8366,e
8367,a
8368,R
8369,S
8370,B
8371,I
8372,i
8373,a
8374,N
8375,P
8376,L
8377,h
8378,A
8379,N
8380,N
8381,O
8382,F
8383,K
8384,S
8385,a
8386,S
8387,E
8388,h
8389,E
8390,M
8391,A
8392,A
8393,e
8394,N
8395,S
8396,P
8397,S
8398,R
8399,I
8400,A
8401,D
8402,K
8403,l
8404,I
8405,s
8406,N
8407,S
8408,A
8409,E
8410,N
8411,E
8412,6
8413,A
8414,T
8415,G
8416,E
8417,o
8418,l
8419,D
8420,k
8421,N
8422,I
8423,H
8424,N
8425,e
8426,N
8427,A
8428,E
8429,D
8430,O
8431,A
8432,A
8433,H
8434,A
8435,O
8436,A
8437,M
8438,O
8439,A
8440,o
8441,A
8442,H
8443,n
8444,s
8445,t
8446,B
8447,A
8448,L
8449,I
8450,O
8451,d
8452,U
8453,I
8454,i
8455,l
8456,S
8457,H
8458,W
8459,n
8460,L
8461,Y
8462,d
8463,E
8464,L
8465,7
8466,T
8467,R
8468,L
8469,E
8470,r
8471,T
8472,C
8473,S
8474,R
8475,R
8476,s
8477,E
8478,T
8479,O
8480,J
8481,O
8482,P
8483,O
8484,L
8485,M
8486,A
8487,T
8488,D
8489,e
8490,A
8491,a
8492,O
8493,S
8494,E
8495,L
8496,s
8497,H
8498,y
8499,M
8500,U
8501,1
8502,S
8503,M
8504,P
8505,E
8506,T
8507,d
8508,N
8509,I
8510,S
8511,b
8512,R
8513,6
8514,E
8515,e
8516,z
8517,t
8518,j
8519,J
8520,A
8521,H
8522,Y
8523,R
8524,I
8525,E
8526,S
8527,r
8528,D
8529,a
8530,x
8531,P
8532,A
8533,e
8534,R
8535,O
8536,H
8537,2
8538,A
8539,I
8540,T
8541,M
8542,G
8543,I
8544,M
8545,E
8546,Y
8547,L
8548,m
8549,C
8550,5
8551,H
8552,O
8553,O
8554,S
8555,F
8556,8
8557,D
8558,H
8559,2
8560,I
8561,V
8562,O
8563,E
8564,Y
8565,E
8566,I
8567,I
8568,A
8569,I
8570,I
8571,b
8572,3
8573,A
8574,O
8575,I
8576,O
8577,G
8578,K
8579,n
8580,K
8581,I
8582,O
8583,J
8584,H
8585,I
8586,4
8587,6
8588,I
8589,A
8590,5
8591,M
8592,P
8593,I
8594,E
8595,r
8596,M
8597,A
8598,3
8599,I
8600,N
8601,t
8602,d
8603,2
8604,7
8605,E
8606,A
8607,H
8608,E
8609,I
8610,A
8611,C
8612,X
8613,G
8614,T
8615,S
8616,M
8617,R
8618,B
8619,d
8620,P
8621,n
8622,e
8623,i
8624,A
8625,G
8626,N
8627,E
8628,N
8629,F
8630,S
8631,L
8632,O
8633,S
8634,E
8635,4
8636,I
8637,C
8638,T
8639,S
8640,v
8641,S
8642,a
8643,N
8644,M
8645,O
8646,O
8647,e
8648,D
8649,E
8650,A
8651,d
8652,A
8653,e
8654,S
8655,S
8656,N
8657,I
8658,E
8659,W
8660,V
8661,E
8662,1
8663,B
8664,V
8665,A
8666,R
8667,I
8668,D
8669,n
8670,S
8671,w
8672,R
8673,A
8674,O
8675,X
8676,O
8677,S
8678,7
8679,C
8680,r
8681,I
8682,K
8683,E
8684,O
8685,c
8686,N
8687,D
8688,A
8689,S
8690,A
8691,S
8692,t
8693,O
8694,i
8695,N
8696,N
8697,O
8698,D
8699,9
8700,O
8701,E
8702,P
8703,E
8704,n
8705,7
8706,S
8707,7
8708,S
8709,I
8710,V
8711,P
8712,E
8713,R
8714,A
8715,I
8716,N
8717,C
8718,H
8719,R
8720,D
8721,R
8722,A
8723,N
8724,i
8725,e
8726,R
8727,2
8728,M
8729,S
8730,M
8731,O
8732,E
8733,M
8734,E
8735,V
8736,L
8737,A
8738,A
8739,L
8740,N
8741,I
8742,5
8743,r
8744,V
8745,T
8746,A
8747,S
8748,c
8749,D
8750,E
8751,E
8752,r
8753,T
8754,a
8755,s
8756,I
8757,I
8758,R
8759,P
8760,A
8761,O
8762,A
8763,N
8764,D
8765,O
8766,U
8767,G
8768,N
8769,E
8770,U
8771,3
8772,H
8773,S
8774,e
8775,R
8776,A
8777,A
8778,R
8779,O
8780,P
8781,L
8782,e
8783,T
8784,O
8785,A
8786,L
8787,O
8788,C
8789,E
8790,V
8791,C
8792,U
8793,M
8794,O
8795,d
8796,O
8797,G
8798,N
8799,M
8800,d
8801,D
8802,U
8803,E
8804,a
8805,U
8806,S
8807,T
8808,n
8809,U
8810,E
8811,R
8812,O
8813,P
8814,n
8815,S
8816,O
8817,n
8818,S
8819,C
8820,L
8821,W
8822,A
8823,E
8824,T
8825,C
8826,O
8827,c
8828,o
8829,E
8830,R
8831,t
8832,O
8833,I
8834,e
8835,h
8836,A
8837,P
8838,X
8839,D
8840,e
8841,y
8842,A
8843,k
8844,N
8845,P
8846,E
8847,E
8848,1
8849,A
8850,S
8851,I
8852,O
8853,R
8854,O
8855,R
8856,A
8857,6
8858,M
8859,R
8860,C
8861,D
8862,0
8863,r
8864,O
8865,C
8866,N
8867,O
8868,L
8869,c
8870,D
8871,U
8872,A
8873,R
8874,L
8875,E
8876,F
8877,A
8878,C
8879,i
8880,T
8881,M
8882,B
8883,H
8884,A
8885,D
8886,Y
8887,3
8888,P
8889,N
8890,Y
8891,R
8892,O
8893,3
8894,O
8895,3
8896,O
8897,T
8898,E
8899,A
8900,e
8901,e
8902,C
8903,R
8904,O
8905,o
8906,A
8907,A
8908,O
8909,t
8910,I
8911,M
8912,a
8913,E
8914,L
8915,R
8916,E
8917,E
8918,N
8919,7
8920,O
8921,C
8922,N
8923,T
8924,J
8925,s
8926,0
8927,R
8928,L
8929,2
8930,R
8931,M
8932,A
8933,L
8934,r
8935,A
8936,e
8937,A
8938,O
8939,N
8940,D
8941,B
8942,S
8943,a
8944,N
8945,D
8946,K
8947,i
8948,n
8949,H
8950,r
8951,S
8952,C
8953,r
8954,U
8955,I
8956,E
8957,N
8958,T
8959,C
8960,P
8961,r
8962,M
8963,a
8964,T
8965,M
8966,T
8967,S
8968,r
8969,k
8970,M
8971,O
8972,d
8973,A
8974,I
8975,A
8976,O
8977,G
8978,T
8979,n
8980,O
8981,3
8982,K
8983,e
8984,S
8985,S
8986,S
8987,T
8988,N
8989,D
8990,A
8991,A
8992,z
8993,i
8994,E
8995,0
8996,n
8997,O
8998,A
8999,A
9000,M
9001,N
9002,A
9003,G
9004,V
9005,A
9006,R
9007,D
9008,A
9009,D
9010,A
9011,O
9012,P
9013,n
9014,g
9015,T
9016,R
9017,l
9018,T
9019,P
9020,T
9021,T
9022,R
9023,A
9024,N
9025,A
9026,R
9027,O
9028,A
9029,L
9030,G
9031,A
9032,D
9033,I
9034,R
9035,O
9036,g
9037,R
9038,i
9039,N
9040,N
9041,B
9042,E
9043,L
9044,I
9045,J
9046,I
9047,N
9048,r
9049,1
9050,r
9051,n
9052,A
9053,K
9054,M
9055,A
9056,a
9057,g
9058,A
9059,s
9060,S
9061,9
9062,a
9063,r
9064,A
9065,E
9066,A
9067,T
9068,c
9069,O
9070,E
9071,T
9072,N
9073,O
9074,2
9075,A
9076,o
9077,v
9078,C
9079,A
9080,R
9081,J
9082,a
9083,P
9084,a
9085,A
9086,N
9087,A
9088,T
9089,a
9090,D
9091,a
9092,T
9093,F
9094,E
9095,E
9096,O
9097,A
9098,O
9099,G
9100,v
9101,S
9102,i
9103,q
9104,T
9105,K
9106,K
9107,R
9108,P
9109,A
9110,I
9111,I
9112,M
9113,H
9114,C
9115,S
9116,N
9117,E
9118,M
9119,I
9120,S
9121,E
9122,T
9123,H
9124,R
9125,G
9126,2
9127,S
9128,A
9129,T
9130,O
9131,O
9132,f
9133,A
9134,e
9135,m
9136,T
9137,9
9138,E
9139,D
9140,E
9141,a
9142,E
9143,N
9144,S
9145,O
9146,O
9147,t
9148,R
9149,t
9150,T
9151,A
9152,n
9153,A
9154,O
9155,A
9156,T
9157,U
9158,I
9159,C
9160,7
9161,R
9162,S
9163,2
9164,A
9165,m
9166,E
9167,e
9168,2
9169,o
9170,A
9171,D
9172,T
9173,V
9174,A
9175,O
9176,A
9177,I
9178,1
9179,A
9180,a
9181,T
9182,M
9183,n
9184,m
9185,a
9186,K
9187,e
9188,N
9189,P
9190,I
9191,I
9192,N
9193,i
9194,R
9195,A
9196,L
9197,E
9198,N
9199,R
9200,E
9201,A
9202,A
9203,N
9204,P
9205,S
9206,T
9207,O
9208,K
9209,O
9210,4
9211,N
9212,V
9213,A
9214,P
9215,S
9216,a
9217,O
9218,R
9219,I
9220,O
9221,t
9222,E
9223,N
9224,E
9225,3
9226,r
9227,C
9228,7
9229,a
9230,S
9231,r
9232,I
9233,N
9234,E
9235,E
9236,Y
9237,A
9238,L
9239,N
9240,n
9241,R
9242,A
9243,R
9244,A
9245,S
9246,A
9247,i
9248,R
9249,A
9250,6
9251,a
9252,I
9253,2
9254,M
9255,G
9256,E
9257,M
9258,A
9259,N
9260,L
9261,M
9262,V
9263,G
9264,T
9265,j
9266,D
9267,i
9268,O
9269,T
9270,A
9271,I
9272,e
9273,T
9274,N
9275,N
9276,3
9277,E
9278,r
9279,U
9280,C
9281,M
9282,E
9283,A
9284,i
9285,e
9286,H
9287,A
9288,R
9289,a
9290,D
9291,S
9292,N
9293,A
9294,M
9295,E
9296,H
9297,C
9298,E
9299,7
9300,T
9301,A
9302,u
9303,E
9304,A
9305,n
9306,A
9307,u
9308,2
9309,r
9310,I
9311,I
9312,H
9313,E
9314,d
9315,I
9316,A
9317,E
9318,A
9319,E
9320,A
9321,H
9322,N
9323,a
9324,S
9325,S
9326,H
9327,S
9328,O
9329,n
9330,b
9331,e
9332,L
9333,N
9334,A
9335,l
9336,I
9337,r
9338,I
9339,r
9340,N
9341,O
9342,n
9343,R
9344,5
9345,W
9346,A
9347,p
9348,U
9349,A
9350,T
9351,S
9352,O
9353,E
9354,4
9355,t
9356,d
9357,M
9358,D
9359,q
9360,R
9361,A
9362,O
9363,I
9364,A
9365,R
9366,O
9367,I
9368,l
9369,B
9370,O
9371,H
9372,O
9373,L
9374,9
9375,Y
9376,C
9377,r
9378,S
9379,N
9380,Y
9381,F
9382,S
9383,O
9384,s
9385,C
9386,2
9387,9
9388,t
9389,D
9390,m
9391,E
9392,A
9393,e
9394,N
9395,L
9396,2
9397,E
9398,E
9399,7
9400,N
9401,P
9402,O
9403,S
9404,e
9405,g
9406,O
9407,A
9408,S
9409,E
9410,T
9411,A
9412,L
9413,I
9414,N
9415,E
9416,A
9417,B
9418,O
9419,O
9420,G
9421,M
9422,S
9423,h
9424,D
9425,N
9426,G
9427,I
9428,I
9429,E
9430,7
9431,H
9432,G
9433,9
9434,R
9435,E
9436,A
9437,e
9438,n
9439,A
9440,E
9441,S
9442,N
9443,R
9444,L
9445,l
9446,I
9447,A
9448,R
9449,e
9450,m
9451,e
9452,O
9453,R
9454,o
9455,N
9456,D
9457,l
9458,D
9459,O
9460,A
9461,i
9462,B
9463,I
9464,A
9465,H
9466,A
9467,E
9468,I
9469,A
9470,t
9471,A
9472,R
9473,S
9474,I
9475,j
9476,o
9477,H
9478,A
9479,A
9480,P
9481,O
9482,I
9483,p
9484,I
9485,A
9486,H
9487,N
9488,s
9489,A
9490,3
9491,A
9492,E
9493,N
9494,A
9495,S
9496,S
9497,E
9498,e
9499,R
9500,T
9501,A
9502,t
9503,r
9504,C
9505,A
9506,7
9507,c
9508,S
9509,X
9510,R
9511,R
9512,A
9513,E
9514,A
9515,3
9516,N
9517,G
9518,A
9519,E
9520,n
9521,D
9522,E
9523,r
9524,A
9525,Y
9526,O
9527,R
9528,R
9529,I
9530,r
9531,L
9532,a
9533,A
9534,1
9535,E
9536,N
9537,A
9538,T
9539,A
9540,i
9541,E
9542,T
9543,O
9544,J
9545,C
9546,r
9547,o
9548,A
9549,a
9550,e
9551,H
9552,a
9553,T
9554,R
9555,S
9556,E
9557,O
9558,s
9559,e
9560,3
9561,j
9562,M
9563,R
9564,O
9565,N
9566,A
9567,I
9568,R
9569,A
9570,y
9571,e
9572,C
9573,V
9574,N
9575,I
9576,I
9577,I
9578,S
9579,N
9580,I
9581,T
9582,J
9583,A
9584,A
9585,A
9586,l
9587,U
9588,O
9589,O
9590,Y
9591,H
9592,N
9593,A
9594,O
9595,e
9596,I
9597,t
9598,T
9599,N
9600,E
9601,M
9602,E
9603,e
9604,O
9605,2
9606,1
9607,A
9608,c
9609,g
9610,A
9611,T
9612,G
9613,a
9614,L
9615,A
9616,p
9617,D
9618,R
9619,S
9620,O
9621,A
9622,O
9623,O
9624,I
9625,l
9626,E
9627,I
9628,C
9629,A
9630,N
9631,I
9632,m
9633,e
9634,C
9635,A
9636,N
9637,s
9638,A
9639,A
9640,A
9641,Y
9642,I
9643,O
9644,O
9645,O
9646,D
9647,E
9648,N
9649,n
9650,r
9651,T
9652,e
9653,1
9654,p
9655,E
9656,A
9657,E
9658,X
9659,R
9660,e
9661,T
9662,A
9663,d
9664,A
9665,I
9666,l
9667,0
9668,x
9669,A
9670,M
9671,a
9672,H
9673,A
9674,Y
9675,t
9676,E
9677,l
9678,D
9679,7
9680,N
9681,S
9682,R
9683,P
9684,D
9685,A
9686,F
9687,S
9688,A
9689,D
9690,E
9691,A
9692,e
9693,G
9694,1
9695,O
9696,M
9697,L
9698,N
9699,d
9700,I
9701,Z
9702,A
9703,r
9704,L
9705,I
9706,T
9707,T
9708,r
9709,R
9710,C
9711,2
9712,O
9713,I
9714,E
9715,S
9716,e
9717,I
9718,l
9719,W
9720,l
9721,i
9722,U
9723,P
9724,O
9725,T
9726,T
9727,D
9728,A
9729,e
9730,E
9731,A
9732,D
9733,E
9734,N
9735,A
9736,A
9737,O
9738,t
9739,7
9740,h
9741,R
9742,R
9743,n
9744,4
9745,N
9746,e
9747,V
9748,S
9749,I
9750,A
9751,R
9752,o
9753,A
9754,N
9755,s
9756,S
9757,I
9758,G
9759,R
9760,S
9761,l
9762,A
9763,R
9764,E
9765,T
9766,R
9767,I
9768,H
9769,I
9770,I
9771,r
9772,S
9773,I
9774,e
9775,T
9776,L
9777,E
9778,7
9779,P
9780,T
9781,D
9782,A
9783,O
9784,T
9785,5
9786,A
9787,a
9788,A
9789,1
9790,b
9791,N
9792,D
9793,Z
9794,A
9795,N
9796,S
9797,r
9798,R
9799,I
9800,I
9801,A
9802,U
9803,8
9804,E
9805,N
9806,A
9807,L
9808,C
9809,A
9810,b
9811,T
9812,e
9813,L
9814,I
9815,S
9816,r
9817,A
9818,I
9819,J
9820,M
9821,D
9822,I
9823,y
9824,A
9825,X
9826,S
9827,W
9828,S
9829,A
9830,M
9831,w
9832,I
9833,A
9834,D
9835,r
9836,D
9837,l
9838,0
9839,a
9840,I
9841,N
9842,R
9843,I
9844,I
9845,S
9846,I
9847,o
9848,R
9849,A
9850,C
9851,O
9852,H
9853,M
9854,3
9855,H
9856,D
9857,y
9858,A
9859,i
9860,I
9861,S
9862,E
9863,M
9864,O
9865,O
9866,R
9867,C
9868,I
9869,A
9870,B
9871,E
9872,m
9873,T
9874,U
9875,I
9876,Y
9877,G
9878,M
9879,7
9880,E
9881,R
9882,S
9883,k
9884,U
9885,C
9886,7
9887,O
9888,O
9889,E
9890,A
9891,A
9892,G
9893,O
9894,N
9895,O
9896,i
9897,I
9898,O
9899,O
9900,A
9901,A
9902,E
9903,N
9904,C
9905,A
9906,T
9907,i
9908,S
9909,y
9910,A
9911,3
9912,X
9913,E
9914,E
9915,R
9916,R
9917,a
9918,T
9919,f
9920,T
9921,i
9922,H
9923,H
9924,n
9925,A
9926,E
9927,x
9928,R
9929,S
9930,I
9931,I
9932,S
9933,O
9934,D
9935,H
9936,A
9937,R
9938,A
9939,O
9940,I
9941,F
9942,A
9943,E
9944,I
9945,N
9946,E
9947,I
9948,R
9949,r
9950,V
9951,A
9952,A
9953,I
9954,I
9955,I
9956,T
9957,I
9958,T
9959,9
9960,r
9961,E
9962,A
9963,5
9964,5
9965,I
9966,A
9967,I
9968,I
9969,R
9970,u
9971,e
9972,N
9973,D
9974,D
9975,k
9976,N
9977,l
9978,T
9979,N
9980,T
9981,L
9982,S
9983,R
9984,S
9985,E
9986,A
9987,I
9988,H
9989,A
9990,I
9991,S
9992,T
9993,Y
9994,M
9995,A
9996,O
9997,S
9998,1
9999,r
10000,T
10001,E
10002,e
10003,T
10004,D
10005,7
10006,R
10007,S
10008,P
10009,A
10010,n
10011,I
10012,e
10013,P
10014,t
10015,6
10016,S
10017,t
10018,T
10019,H
10020,a
10021,R
10022,S
10023,H
10024,q
10025,O
10026,O
10027,O
10028,C
10029,P
10030,C
10031,e
10032,A
10033,p
10034,A
10035,N
10036,W
10037,C
10038,c
10039,H
10040,o
10041,n
10042,A
10043,A
10044,I
10045,O
10046,R
10047,N
10048,N
10049,O
10050,G
10051,C
10052,N
10053,E
10054,R
10055,E
10056,O
10057,I
10058,T
10059,O
10060,A
10061,P
10062,U
10063,A
10064,A
10065,E
10066,l
10067,T
10068,U
10069,M
10070,X
10071,n
10072,D
10073,J
10074,S
10075,L
10076,A
10077,O
10078,p
10079,A
10080,n
10081,T
10082,O
10083,2
10084,O
10085,C
10086,M
10087,S
10088,N
10089,S
10090,T
10091,S
10092,I
10093,O
10094,m
10095,r
10096,O
10097,D
10098,A
10099,A
10100,U
10101,E
10102,O
10103,R
10104,R
10105,D
10106,D
10107,O
10108,A
10109,Y
10110,N
10111,a
10112,W
10113,A
10114,E
10115,e
10116,M
10117,G
10118,7
10119,6
10120,T
10121,M
10122,O
10123,G
10124,C
10125,R
10126,O
10127,S
10128,P
10129,S
10130,N
10131,L
10132,B
10133,e
10134,t
10135,A
10136,T
10137,M
10138,O
10139,A
10140,A
10141,L
10142,R
10143,A
10144,l
10145,I
10146,A
10147,P
10148,L
10149,r
10150,G
10151,R
10152,A
10153,S
10154,t
10155,T
10156,A
10157,N
10158,1
10159,I
10160,M
10161,A
10162,H
10163,J
10164,C
10165,M
10166,A
10167,n
10168,h
10169,E
10170,S
10171,K
10172,E
10173,H
10174,i
10175,E
10176,d
10177,T
10178,P
10179,7
10180,r
10181,O
10182,H
10183,A
10184,S
10185,T
10186,e
10187,n
10188,D
10189,I
10190,A
10191,x
10192,L
10193,e
10194,A
10195,A
10196,u
10197,T
10198,5
10199,r
10200,2
10201,S
10202,A
10203,N
10204,F
10205,i
10206,A
10207,T
10208,r
10209,T
10210,R
10211,L
10212,i
10213,C
10214,M
10215,r
10216,H
10217,L
10218,B
10219,M
10220,R
10221,O
10222,0
10223,S
10224,A
10225,O
10226,P
10227,V
10228,R
10229,M
10230,C
10231,r
10232,A
10233,K
10234,h
10235,S
10236,N
10237,T
10238,A
10239,I
10240,I
10241,E
10242,U
10243,T
10244,r
10245,S
10246,R
10247,A
10248,e
10249,A
10250,I
10251,D
10252,C
10253,M
10254,G
10255,L
10256,O
10257,E
10258,r
10259,t
10260,A
10261,A
10262,E
10263,A
10264,E
10265,G
10266,O
10267,S
10268,D
10269,O
10270,M
10271,N
10272,A
10273,P
10274,N
10275,T
10276,u
10277,R
10278,E
10279,A
10280,N
10281,O
10282,I
10283,A
10284,A
10285,e
10286,M
10287,B
10288,A
10289,o
10290,O
10291,E
10292,a
10293,c
10294,S
10295,l
10296,E
10297,O
10298,L
10299,V
10300,N
10301,L
10302,3
10303,T
10304,D
10305,5
10306,i
10307,V
10308,R
10309,4
10310,N
10311,N
10312,X
10313,O
10314,B
10315,a
10316,t
10317,E
10318,r
10319,C
10320,r
10321,2
10322,D
10323,E
10324,C
10325,E
10326,E
10327,1
10328,N
10329,n
10330,E
10331,J
10332,A
10333,I
10334,9
10335,I
10336,I
10337,R
10338,6
10339,i
10340,G
10341,T
10342,O
10343,C
10344,S
10345,e
10346,O
10347,R
10348,O
10349,I
10350,n
10351,P
10352,A
10353,J
10354,t
10355,b
10356,A
10357,S
10358,R
10359,C
10360,A
10361,P
10362,l
10363,I
10364,S
10365,S
10366,T
10367,X
10368,E
10369,T
10370,i
10371,N
10372,T
10373,O
10374,A
10375,e
10376,q
10377,u
10378,a
10379,E
10380,T
10381,a
10382,S
10383,T
10384,P
10385,1
10386,t
10387,S
10388,G
10389,S
10390,5
10391,S
10392,I
10393,S
10394,A
10395,N
10396,t
10397,T
10398,C
10399,T
10400,E
10401,O
10402,J
10403,a
10404,e
10405,A
10406,N
10407,I
10408,T
10409,H
10410,O
10411,A
10412,S
10413,Y
10414,U
10415,i
10416,N
10417,T
10418,D
10419,D
10420,t
10421,T
10422,R
10423,D
10424,A
10425,A
10426,A
10427,E
10428,A
10429,E
10430,M
10431,O
10432,A
10433,k
10434,a
10435,V
10436,T
10437,A
10438,B
10439,I
10440,C
10441,P
10442,l
10443,h
10444,L
10445,A
10446,I
10447,D
10448,E
10449,T
10450,A
10451,E
10452,R
10453,A
10454,A
10455,C
10456,E
10457,N
10458,A
10459,O
10460,S
10461,E
10462,I
10463,h
10464,G
10465,Y
10466,I
10467,D
10468,T
10469,D
10470,O
10471,n
10472,C
10473,a
10474,e
10475,O
10476,O
10477,x
10478,C
10479,T
10480,E
10481,U
10482,d
10483,I
10484,O
10485,T
10486,A
10487,N
10488,e
10489,E
10490,d
10491,A
10492,S
10493,O
10494,U
10495,T
10496,G
10497,T
10498,A
10499,T
10500,M
10501,H
10502,c
10503,O
10504,H
10505,N
10506,T
10507,M
10508,A
10509,E
10510,n
10511,R
10512,J
10513,P
10514,D
10515,V
10516,O
10517,I
10518,4
10519,R
10520,H
10521,M
10522,5
10523,V
10524,R
10525,I
10526,H
10527,o
10528,T
10529,M
10530,B
10531,A
10532,G
10533,F
10534,G
10535,O
10536,T
10537,A
10538,I
10539,H
10540,R
10541,E
10542,S
10543,T
10544,A
10545,H
10546,D
10547,5
10548,A
10549,A
10550,N
10551,L
10552,E
10553,S
10554,N
10555,I
10556,A
10557,X
10558,I
10559,L
10560,R
10561,7
10562,D
10563,V
10564,b
10565,E
10566,0
10567,U
10568,R
10569,A
10570,D
10571,n
10572,0
10573,e
10574,R
10575,N
10576,T
10577,S
10578,P
10579,n
10580,D
10581,2
10582,S
10583,j
10584,P
10585,I
10586,E
10587,O
10588,T
10589,n
10590,S
10591,t
10592,u
10593,N
10594,O
10595,A
10596,E
10597,P
10598,N
10599,u
10600,M
10601,S
10602,A
10603,V
10604,i
10605,t
10606,T
10607,G
10608,A
10609,D
10610,2
10611,E
10612,n
10613,A
10614,T
10615,A
10616,r
10617,E
10618,D
10619,O
10620,I
10621,r
10622,L
10623,3
10624,S
10625,E
10626,S
10627,E
10628,A
10629,N
10630,i
10631,E
10632,A
10633,r
10634,C
10635,T
10636,E
10637,A
10638,E
10639,S
10640,H
10641,C
10642,m
10643,I
10644,S
10645,T
10646,e
10647,S
10648,T
10649,O
10650,L
10651,M
10652,R
10653,I
10654,o
10655,r
10656,A
10657,O
10658,H
10659,E
10660,R
10661,E
10662,H
10663,7
10664,S
10665,W
10666,C
10667,T
10668,L
10669,K
10670,r
10671,L
10672,i
10673,M
10674,A
10675,S
10676,E
10677,U
10678,i
10679,S
10680,R
10681,E
10682,n
10683,O
10684,l
10685,S
10686,H
10687,O
10688,A
10689,P
10690,O
10691,O
10692,X
10693,D
10694,A
10695,3
10696,M
10697,E
10698,e
10699,A
10700,r
10701,I
10702,A
10703,i
10704,N
10705,Y
10706,I
10707,Y
10708,m
10709,I
10710,e
10711,A
10712,E
10713,E
10714,I
10715,R
10716,5
10717,A
10718,K
10719,m
10720,i
10721,o
10722,A
10723,T
10724,I
10725,T
10726,N
10727,T
10728,A
10729,L
10730,A
10731,A
10732,E
10733,L
10734,N
10735,C
10736,w
10737,O
10738,O
10739,O
10740,6
10741,r
10742,T
10743,S
10744,D
10745,T
10746,M
10747,T
10748,E
10749,C
10750,G
10751,A
10752,E
10753,f
10754,t
10755,R
10756,R
10757,A
10758,N
10759,N
10760,X
10761,S
10762,4
10763,P
10764,N
10765,C
10766,S
10767,N
10768,R
10769,I
10770,A
10771,A
10772,i
10773,S
10774,e
10775,S
10776,T
10777,I
10778,H
10779,N
10780,L
10781,Y
10782,t
10783,R
10784,e
10785,A
10786,R
10787,H
10788,S
10789,D
10790,N
10791,A
10792,m
10793,r
10794,X
10795,I
10796,M
10797,n
10798,V
10799,A
10800,G
10801,O
10802,T
10803,C
10804,I
10805,A
10806,O
10807,8
10808,D
10809,T
10810,M
10811,L
10812,G
10813,E
10814,E
10815,A
10816,t
10817,G
10818,O
10819,I
10820,T
10821,A
10822,R
10823,S
10824,C
10825,A
10826,8
10827,L
10828,E
10829,k
10830,T
10831,O
10832,i
10833,S
10834,d
10835,G
10836,t
10837,A
10838,2
10839,C
10840,P
10841,H
10842,E
10843,T
10844,a
10845,A
10846,I
10847,N
10848,B
10849,O
10850,C
10851,A
10852,n
10853,A
10854,E
10855,i
10856,A
10857,O
10858,O
10859,N
10860,T
10861,a
10862,N
10863,Y
10864,O
10865,A
10866,E
10867,E
10868,7
10869,A
10870,I
10871,T
10872,D
10873,G
10874,a
10875,E
10876,S
10877,t
10878,D
10879,n
10880,A
10881,N
10882,J
10883,K
10884,E
10885,5
10886,r
10887,R
10888,P
10889,A
10890,R
10891,T
10892,I
10893,S
10894,N
10895,T
10896,E
10897,C
10898,J
10899,C
10900,I
10901,A
10902,A
10903,i
10904,O
10905,O
10906,D
10907,s
10908,E
10909,E
10910,H
10911,I
10912,A
10913,e
10914,U
10915,A
10916,r
10917,I
10918,I
10919,E
10920,P
10921,K
10922,A
10923,A
10924,I
10925,S
10926,N
10927,A
10928,0
10929,E
10930,A
10931,O
10932,t
10933,B
10934,L
10935,H
10936,A
10937,R
10938,r
10939,Y
10940,S
10941,O
10942,M
10943,N
10944,E
10945,O
10946,i
10947,T
10948,T
10949,r
10950,C
10951,r
10952,A
10953,T
10954,u
10955,T
10956,6
10957,A
10958,6
10959,O
10960,O
10961,A
10962,A
10963,E
10964,H
10965,T
10966,s
10967,O
10968,A
10969,N
10970,A
10971,O
10972,M
10973,A
10974,T
10975,N
10976,n
10977,A
10978,O
10979,R
10980,A
10981,T
10982,S
10983,C
10984,1
10985,O
10986,A
10987,H
10988,N
10989,2
10990,O
10991,T
10992,M
10993,I
10994,5
10995,D
10996,O
10997,C
10998,O
10999,a
11000,A
11001,A
11002,I
11003,C
11004,E
11005,V
11006,A
11007,O
11008,I
11009,O
11010,N
11011,T
11012,R
11013,A
11014,T
11015,N
11016,S
11017,X
11018,D
11019,A
11020,S
11021,R
11022,r
11023,I
11024,a
11025,T
11026,S
11027,M
11028,O
11029,O
11030,L
11031,A
11032,I
11033,S
11034,C
11035,e
11036,E
11037,C
11038,i
11039,i
11040,D
11041,A
11042,A
11043,A
11044,p
11045,a
11046,O
11047,A
11048,A
11049,R
11050,O
11051,C
11052,I
11053,o
11054,P
11055,E
11056,G
11057,A
11058,A
11059,A
11060,A
11061,T
11062,2
11063,R
11064,V
11065,J
11066,n
11067,o
11068,D
11069,s
11070,L
11071,o
11072,K
11073,I
11074,E
11075,N
11076,A
11077,G
11078,A
11079,A
11080,I
11081,L
11082,L
11083,N
11084,A
11085,n
11086,E
11087,t
11088,S
11089,O
11090,R
11091,T
11092,E
11093,N
11094,j
11095,I
11096,P
11097,O
11098,I
11099,A
11100,V
11101,D
11102,A
11103,G
11104,C
11105,N
11106,e
11107,L
11108,T
11109,e
11110,E
11111,A
11112,E
11113,W
11114,m
11115,W
11116,n
11117,S
11118,S
11119,e
11120,3
11121,R
11122,i
11123,A
11124,E
11125,A
11126,R
11127,A
11128,O
11129,O
11130,D
11131,D
11132,C
11133,T
11134,T
11135,N
11136,P
11137,O
11138,I
11139,A
11140,B
11141,D
11142,7
11143,O
11144,I
11145,n
11146,M
11147,F
11148,R
11149,s
11150,O
11151,N
11152,I
11153,E
11154,Y
11155,2
11156,M
11157,E
11158,A
11159,H
11160,G
11161,I
11162,F
11163,S
11164,O
11165,s
11166,I
11167,E
11168,O
11169,A
11170,G
11171,e
11172,U
11173,H
11174,E
11175,e
11176,A
11177,8
11178,i
11179,x
11180,T
11181,v
11182,R
11183,S
11184,E
11185,r
11186,O
11187,O
11188,O
11189,A
11190,O
11191,C
11192,E
11193,O
11194,u
11195,I
11196,B
11197,A
11198,e
11199,V
11200,B
11201,E
11202,s
11203,T
11204,N
11205,I
11206,O
11207,I
11208,N
11209,A
11210,D
11211,N
11212,I
11213,s
11214,L
11215,a
11216,E
11217,N
11218,E
11219,R
11220,J
11221,O
11222,N
11223,S
11224,D
11225,O
11226,S
11227,r
11228,O
11229,D
11230,N
11231,z
11232,A
11233,O
11234,a
11235,P
11236,R
11237,O
11238,O
11239,O
11240,I
11241,r
11242,R
11243,a
11244,1
11245,O
11246,O
11247,N
11248,A
11249,n
11250,R
11251,D
11252,S
11253,K
11254,i
11255,O
11256,p
11257,A
11258,T
11259,E
11260,O
11261,N
11262,A
11263,A
11264,r
11265,n
11266,E
11267,2
11268,A
11269,a
11270,A
11271,C
11272,C
11273,L
11274,A
11275,Y
11276,O
11277,D
11278,R
11279,H
11280,C
11281,r
11282,h
11283,A
11284,S
11285,E
11286,T
11287,I
11288,M
11289,T
11290,I
11291,R
11292,S
11293,O
11294,e
11295,N
11296,T
11297,C
11298,O
11299,A
11300,e
11301,D
11302,x
11303,k
11304,E
11305,I
11306,D
11307,S
11308,E
11309,E
11310,D
11311,F
11312,B
11313,t
11314,6
11315,O
11316,t
11317,O
11318,c
11319,M
11320,E
11321,I
11322,R
11323,J
11324,L
11325,S
11326,s
11327,E
11328,H
11329,O
11330,T
11331,5
11332,A
11333,A
11334,L
11335,O
11336,L
11337,A
11338,i
11339,O
11340,N
11341,V
11342,E
11343,I
11344,d
11345,I
11346,i
11347,O
11348,b
11349,D
11350,S
11351,O
11352,T
11353,C
11354,A
11355,2
11356,C
11357,H
11358,C
11359,T
11360,N
11361,T
11362,I
11363,A
11364,T
11365,l
11366,L
11367,A
11368,S
11369,R
11370,t
11371,O
11372,L
11373,I
11374,h
11375,I
11376,A
11377,Y
11378,O
11379,A
11380,c
11381,R
11382,S
11383,e
11384,R
11385,5
11386,I
11387,e
11388,A
11389,N
11390,2
11391,L
11392,O
11393,P
11394,A
11395,R
11396,O
11397,O
11398,R
11399,O
11400,N
11401,T
11402,I
11403,L
11404,e
11405,O
11406,O
11407,T
11408,M
11409,N
11410,A
11411,P
11412,I
11413,R
11414,e
11415,A
11416,S
11417,D
11418,e
11419,a
11420,a
11421,O
11422,4
11423,A
11424,e
11425,I
11426,E
11427,E
11428,N
11429,H
11430,N
11431,R
11432,L
11433,h
11434,O
11435,I
11436,E
11437,m
11438,A
11439,r
11440,O
11441,R
11442,A
11443,A
11444,A
11445,T
11446,N
11447,E
11448,N
11449,D
11450,E
11451,I
11452,F
11453,E
11454,s
11455,P
11456,Y
11457,J
11458,E
11459,C
11460,R
11461,S
11462,T
11463,R
11464,I
11465,6
11466,I
11467,7
11468,A
11469,A
11470,T
11471,s
11472,s
11473,i
11474,P
11475,E
11476,S
11477,R
11478,a
11479,C
11480,G
11481,O
11482,I
11483,i
11484,S
11485,E
11486,5
11487,N
11488,R
11489,N
11490,a
11491,r
11492,S
11493,o
11494,E
11495,d
11496,C
11497,E
11498,9
11499,S
11500,O
11501,a
11502,E
11503,S
11504,m
11505,e
11506,s
11507,D
11508,i
11509,O
11510,O
11511,r
11512,i
11513,O
11514,E
11515,D
11516,d
11517,C
11518,U
11519,C
11520,1
11521,O
11522,M
11523,L
11524,O
11525,D
11526,i
11527,I
11528,0
11529,H
11530,6
11531,A
11532,A
11533,n
11534,A
11535,C
11536,T
11537,d
11538,O
11539,S
11540,v
11541,G
11542,K
11543,R
11544,O
11545,C
11546,R
11547,a
11548,i
11549,O
11550,O
11551,r
11552,I
11553,I
11554,C
11555,I
11556,A
11557,G
11558,R
11559,O
11560,R
11561,J
11562,I
11563,I
11564,X
11565,E
11566,d
11567,A
11568,S
11569,7
11570,T
11571,D
11572,U
11573,r
11574,T
11575,A
11576,O
11577,R
11578,L
11579,S
11580,O
11581,L
11582,O
11583,n
11584,L
11585,E
11586,I
11587,N
11588,O
11589,L
11590,2
11591,E
11592,O
11593,T
11594,O
11595,I
11596,K
11597,M
11598,4
11599,N
11600,T
11601,R
11602,A
11603,O
11604,A
11605,A
11606,A
11607,O
11608,n
11609,S
11610,D
11611,K
11612,E
11613,H
11614,A
11615,r
11616,I
11617,V
11618,A
11619,M
11620,A
11621,4
11622,T
11623,E
11624,R
11625,T
11626,I
11627,d
11628,a
11629,K
11630,T
11631,T
11632,0
11633,S
11634,A
11635,P
11636,O
11637,i
11638,d
11639,S
11640,C
11641,I
11642,r
11643,N
11644,r
11645,T
11646,M
11647,r
11648,A
11649,A
11650,I
11651,1
11652,E
11653,R
11654,o
11655,r
11656,B
11657,G
11658,T
11659,R
11660,O
11661,A
11662,t
11663,E
11664,A
11665,O
11666,S
11667,E
11668,W
11669,2
11670,I
11671,S
11672,L
11673,S
11674,M
11675,N
11676,D
11677,M
11678,A
11679,U
11680,S
11681,E
11682,W
11683,S
11684,e
11685,T
11686,Y
11687,A
11688,u
11689,A
11690,C
11691,A
11692,N
11693,A
11694,R
11695,G
11696,G
11697,S
11698,A
11699,M
11700,I
11701,T
11702,q
11703,T
11704,A
11705,A
11706,A
11707,L
11708,V
11709,A
11710,e
11711,C
11712,A
11713,m
11714,S
11715,n
11716,M
11717,I
11718,S
11719,T
11720,M
11721,E
11722,n
11723,A
11724,I
11725,O
11726,N
11727,E
11728,H
11729,C
11730,5
11731,T
11732,3
11733,I
11734,c
11735,L
11736,A
11737,2
11738,T
11739,O
11740,O
11741,E
11742,C
11743,R
11744,R
11745,S
11746,5
11747,r
11748,A
11749,A
11750,H
11751,R
11752,A
11753,V
11754,E
11755,S
11756,A
11757,i
11758,D
11759,I
11760,3
11761,N
11762,N
11763,M
11764,A
11765,e
11766,5
11767,J
11768,I
11769,O
11770,N
11771,N
11772,D
11773,N
11774,O
11775,C
11776,E
11777,A
11778,G
11779,S
11780,R
11781,S
11782,H
11783,N
11784,X
11785,I
11786,i
11787,R
11788,C
11789,A
11790,0
11791,T
11792,L
11793,V
11794,A
11795,i
11796,t
11797,A
11798,L
11799,A
11800,E
11801,N
11802,R
11803,Y
11804,C
11805,I
11806,M
11807,T
11808,B
11809,K
11810,D
11811,T
11812,I
11813,G
11814,E
11815,N
11816,N
11817,S
11818,Y
11819,U
11820,R
11821,N
11822,Y
11823,n
11824,o
11825,I
11826,A
11827,A
11828,A
11829,G
11830,I
11831,t
11832,i
11833,5
11834,A
11835,a
11836,C
11837,N
11838,D
11839,t
11840,E
11841,a
11842,i
11843,H
11844,E
11845,2
11846,D
11847,R
11848,A
11849,1
11850,S
11851,O
11852,O
11853,A
11854,D
11855,v
11856,I
11857,I
11858,K
11859,D
11860,A
11861,n
11862,T
11863,E
11864,F
11865,I
11866,R
11867,A
11868,r
11869,T
11870,I
11871,T
11872,a
11873,A
11874,S
11875,o
11876,d
11877,M
11878,P
11879,O
11880,N
11881,T
11882,A
11883,N
11884,h
11885,1
11886,S
11887,N
11888,T
11889,M
11890,V
11891,n
11892,T
11893,A
11894,e
11895,S
11896,S
11897,E
11898,O
11899,A
11900,C
11901,S
11902,H
11903,T
11904,1
11905,o
11906,N
11907,o
11908,S
11909,F
11910,L
11911,S
11912,R
11913,E
11914,R
11915,c
11916,S
11917,S
11918,T
11919,M
11920,A
11921,P
11922,N
11923,D
11924,e
11925,M
11926,R
11927,O
11928,L
11929,D
11930,A
11931,O
11932,u
11933,O
11934,I
11935,2
11936,D
11937,L
11938,I
11939,A
11940,O
11941,g
11942,N
11943,J
11944,L
11945,S
11946,A
11947,1
11948,h
11949,O
11950,D
11951,0
11952,A
11953,T
11954,l
11955,O
11956,U
11957,6
11958,S
11959,T
11960,e
11961,D
11962,D
11963,E
11964,T
11965,5
11966,T
11967,T
11968,A
11969,I
11970,T
11971,E
11972,m
11973,s
11974,T
11975,C
11976,I
11977,E
11978,A
11979,A
11980,e
11981,P
11982,S
11983,O
11984,N
11985,O
11986,U
11987,R
11988,O
11989,E
11990,O
11991,A
11992,R
11993,K
11994,A
11995,C
11996,I
11997,T
11998,A
11999,E
12000,T
12001,I
12002,I
12003,W
12004,H
12005,r
12006,A
12007,M
12008,A
12009,M
12010,S
12011,5
12012,O
12013,E
12014,7
12015,P
12016,A
12017,n
12018,A
12019,D
12020,I
12021,i
12022,d
12023,O
12024,1
12025,U
12026,S
12027,S
12028,E
12029,I
12030,e
12031,A
12032,D
12033,1
12034,O
12035,K
12036,O
12037,r
12038,1
12039,E
12040,D
12041,D
12042,E
12043,e
12044,T
12045,M
12046,s
12047,t
12048,R
12049,e
12050,n
12051,O
12052,J
12053,E
12054,B
12055,R
12056,A
12057,H
12058,O
12059,E
12060,e
12061,J
12062,I
12063,T
12064,A
12065,a
12066,e
12067,I
12068,H
12069,i
12070,I
12071,H
12072,C
12073,A
12074,A
12075,o
12076,t
12077,R
12078,A
12079,h
12080,A
12081,e
12082,A
12083,I
12084,S
12085,M
12086,A
12087,m
12088,E
12089,S
12090,e
12091,R
12092,M
12093,I
12094,y
12095,N
12096,L
12097,M
12098,1
12099,R
12100,7
12101,r
12102,e
12103,O
12104,L
12105,I
12106,r
12107,T
12108,N
12109,u
12110,A
12111,A
12112,i
12113,I
12114,N
12115,O
12116,K
12117,C
12118,M
12119,N
12120,E
12121,V
12122,L
12123,T
12124,E
12125,T
12126,I
12127,D
12128,S
12129,G
12130,r
12131,o
12132,R
12133,E
12134,E
12135,O
12136,1
12137,O
12138,u
12139,N
12140,E
12141,O
12142,L
12143,E
12144,A
12145,A
12146,S
12147,l
12148,P
12149,E
12150,p
12151,D
12152,E
12153,A
12154,C
12155,T
12156,l
12157,A
12158,U
12159,O
12160,r
12161,E
12162,D
12163,T
12164,O
12165,O
12166,u
12167,O
12168,P
12169,O
12170,S
12171,C
12172,A
12173,E
12174,Y
12175,I
12176,s
12177,A
12178,F
12179,o
12180,A
12181,C
12182,D
12183,C
12184,O
12185,8
12186,A
12187,O
12188,T
12189,E
12190,N
12191,A
12192,E
12193,S
12194,E
12195,M
12196,I
12197,D
12198,J
12199,2
12200,A
12201,E
12202,R
12203,E
12204,T
12205,G
12206,A
12207,m
12208,Y
12209,S
12210,A
12211,Y
12212,G
12213,O
12214,E
12215,E
12216,q
12217,E
12218,1
12219,N
12220,N
12221,I
12222,A
12223,H
12224,R
12225,F
12226,J
12227,O
12228,1
12229,S
12230,O
12231,2
12232,E
12233,r
12234,4
12235,E
12236,A
12237,2
12238,A
12239,T
12240,P
12241,R
12242,a
12243,W
12244,e
12245,H
12246,R
12247,N
12248,E
12249,T
12250,s
12251,A
12252,D
12253,n
12254,D
12255,T
12256,d
12257,9
12258,i
12259,e
12260,2
12261,O
12262,I
12263,D
12264,e
12265,2
12266,C
12267,B
12268,O
12269,c
12270,N
12271,O
12272,2
12273,T
12274,U
12275,g
12276,D
12277,i
12278,O
12279,j
12280,R
12281,E
12282,B
12283,r
12284,C
12285,T
12286,e
12287,E
12288,I
12289,e
12290,H
12291,a
12292,H
12293,A
12294,N
12295,o
12296,M
12297,A
12298,G
12299,O
12300,I
12301,N
12302,P
12303,O
12304,B
12305,H
12306,K
12307,O
12308,A
12309,r
12310,e
12311,A
12312,M
12313,D
12314,N
12315,A
12316,A
12317,D
12318,c
12319,n
12320,R
12321,t
12322,i
12323,A
12324,R
12325,A
12326,N
12327,T
12328,L
12329,I
12330,i
12331,a
12332,F
12333,F
12334,E
12335,O
12336,N
12337,A
12338,c
12339,7
12340,E
12341,R
12342,E
12343,T
12344,E
12345,r
12346,i
12347,O
12348,O
12349,A
12350,a
12351,B
12352,N
12353,E
12354,R
12355,D
12356,E
12357,E
12358,L
12359,R
12360,A
12361,U
12362,l
12363,V
12364,3
12365,P
12366,X
12367,H
12368,E
12369,I
12370,O
12371,O
12372,E
12373,G
12374,N
12375,v
12376,C
12377,N
12378,D
12379,C
12380,V
12381,E
12382,U
12383,O
12384,L
12385,A
12386,C
12387,t
12388,U
12389,U
12390,G
12391,I
12392,L
12393,7
12394,G
12395,A
12396,2
12397,E
12398,E
12399,A
12400,A
12401,E
12402,L
12403,I
12404,D
12405,A
12406,D
12407,E
12408,T
12409,L
12410,N
12411,O
12412,N
12413,N
12414,I
12415,M
12416,i
12417,I
12418,O
12419,7
12420,S
12421,A
12422,I
12423,R
12424,R
12425,M
12426,A
12427,R
12428,A
12429,O
12430,E
12431,K
12432,r
12433,O
12434,i
12435,A
12436,A
12437,q
12438,O
12439,R
12440,M
12441,E
12442,A
12443,E
12444,D
12445,A
12446,b
12447,I
12448,7
12449,t
12450,A
12451,A
12452,A
12453,E
12454,i
12455,C
12456,t
12457,E
12458,x
12459,I
12460,A
12461,S
12462,i
12463,D
12464,y
12465,E
12466,I
12467,O
12468,e
12469,M
12470,C
12471,S
12472,N
12473,D
12474,E
12475,X
12476,a
12477,A
12478,n
12479,S
12480,O
12481,m
12482,A
12483,L
12484,O
12485,M
12486,D
12487,A
12488,N
12489,A
12490,C
12491,S
12492,R
12493,A
12494,9
12495,C
12496,E
12497,l
12498,N
12499,O
12500,O
12501,R
12502,E
12503,H
